Place,Description,Location,Ages,Ticket Price,Event Start Date,Event End Date,Opening Hours
Oumaima Taleb and Fahad Alkubaisi Concert,Get ready for an unforgettable evening at KAFD Nights Under the Stars Sponsored by Emirates NBD! Join us for a spectacular live performance by the talented Oumaima Taleb and the incredible Fahad Alkubaisi. Don’t miss this extraordinary event!,Riyadh,Adults,30 SAR per person,1/22/2025,1/22/2025,5:00 AM to 7:00 PM
Rivermaya live concert,Get ready for an unforgettable evening with the legendary Rivermaya in Riyadh! Enjoy the best of Filipino hits live at Abu Bakr Salem Stage on February 6. Book your tickets now and experience the thrill of a night filled with amazing music!,Riyadh,All,50 SAR per person,6/2/2025,6/2/2025,6:00 AM to 8:00 PM
MDLBEAST - Beast House Thursday,"Your weekend is set at Beast House, Riyadh’s first music & creative members club. Join in on the fun! Be on time and reserve your seat early to enjoy the music of our line up this week: Darko Delix, Leigh Ross and Desert Dweller DRESS CODE: We don’t impose a dress code, per se. But, like… don’t turn up in your pyjamas or shorts, you know? Think more ‘powerhouse professional’ and less ‘poolside party’. - This is a 21+ event. - Free Entry before 10:00 PM for Ladies",Riyadh,Above 12,50 SAR per person,1/23/2025,1/23/2025,5:30 AM to 7:30 PM
MDLBEAST - Beast House Friday,"Your weekend is set at Beast House, Riyadh’s first music & creative members club. Join in on the fun! Be on time and reserve your seat early to enjoy the music of our line up this week: Kirollus, Dul and Solskin.  DRESS CODE: We don’t impose a dress code, per se. But, like… don’t turn up in your pyjamas or shorts, you know? Think more ‘powerhouse professional’ and less ‘poolside party’. - This is a 21+ event. - Free Entry before 10:00 PM for ladies",Riyadh,Above 12,30 SAR per person,1/24/2025,1/24/2025,7:00 AM to 9:00 PM
Balad Beast 2025,"The Beasts are back! The beats are in Balad with our four stages lighting up the historic district. Dance around Balad and hop square to square - with different talents, groove and sounds.",Jeddah,Above 12,70 SAR per person,1/23/2025,1/23/2025,6:30 AM to 8:30 PM
Unforgettable Night with Queen Ahlam in Riyadh Season,Live unforgettable moments at the “Queen” Ahlam’s concert on January 23 as part of Riyadh Season. Enjoy her incredible songs and a one-of-a-kind artistic atmosphere. Book now to be part of this extraordinary night!,Riyadh,Adults,Free Pass,1/23/2025,1/23/2025,5:00 AM to 6:00 PM
One Mic Comedy Shows,"Get ready for an epic comedy weekend! Join us for ""Broken Phone"" on Thursday and the unforgettable ""One Mic Special"" on Friday. Saudi Arabia's top comedians bring you stand-up, improv, and interactive segments—all under the One Mic banner. Event Highlights: Thursday - ""Broken Phone"": Stand-up comedy with the best talent in Saudi Arabia! Friday - ""One Mic Special"": An interactive comedy experience that takes laughter to new heights. And the best part? Free drinks, popcorn, and ice cream for everyone! Just park, grab your snacks, and get ready to laugh until your sides hurt! Show Times: First Show: 8:15 PM Second Show: 10:15 PM Presented in Arabic. Don’t miss out on this incredible night! Bring your friends and family, and make it a weekend to remember!",Riyadh,Above 12,150 SAR per person,2/6/2025,2/6/2025,6:00 AM to 7:00 PM
Bani Adam,"A comedic play about Najy and his daughter Farah, who inherit an abandoned theater haunted by a bitter spirit named ""Ghandour."" As Farah strives to revive the theater, Ghandour takes on a human form to sabotage her efforts, only to discover a new side of humanity he never knew before",Riyadh,Above 15,40 SAR per person,1/23/2025,1/23/2025,5:00 AM to 7:00 PM
New Jokes Comedy Show Saturday - Comedy Pod,A two-hour stand up show in which we see new comedians and hear new jokes! The comedians are announce a day before the show on our instagram story: @podforcomedy Language: ??????? | Arabic,Riyadh,All,40 SAR per person,1/25/2025,1/25/2025,6:00 AM to 8:00 PM
Very Sary Night - Stand Up Comedy Show This Saturday at Comedy Pod,"A stand-up comedy show with a twist... Hosted by the amazing star, Sary Al-Khaled, along with a special guest. Sary draws a random name from a bucket of participants. Whether they're professional comedians or audience members, participants try to make the audience laugh in one minute... Finally, Sary does a quick fun interview with the participant.",Riyadh,Adults,50 SAR per person,10/30/2024,10/30/2024,5:30 AM to 7:30 PM
Stand Up Comedy Show This weekend - Comedy Pod,A legendary stand-up show presented by a number of local and Arab comedy stars at Comedy Pod The comedians are announce a day before the show on our instagram story: @podforcomedy Language: ??????? | Arabic,Riyadh,Adults,30 SAR per person,2/25/2025,2/25/2025,7:00 AM to 9:00 PM
Al Ittihad vs Al Shabab - Roshn Saudi League Round 16,"Al-Ittihad fans will be back in the #Tigers_Stronghold rallying behind their team as they take on AlShabab FC in the 16th round of the Saudi Roshn League. Make sure to grab your seat early to enjoy the thrilling game and the vibrant pre-game atmosphere in the fan zone, with exciting activities for fans of all ages. The game kicks off at 8:00 PM, with the stadium gates opening at 5:00 PM Tickets for people with disabilities: Click Here",Jeddah,All,120 SAR per person,1/22/2025,1/22/2025,6:30 AM to 8:30 PM
Al Ettifaq vs Al Ahli - Roshn Saudi League Round 16,Book your seat for the Al Ettifaq vs Al Ahli Roshn Saudi League Round 16 on webook.com. Secure your tickets now for an unforgettable match day experience!,Dammam ,Above 15,Free Pass,1/20/2025,1/20/2025,5:00 AM to 6:00 PM
AFC Champions League Elite 24/25 - Al Nassr vs Al Wasl,"Secure your seats for the electrifying AFC Champions League match as AlNassr takes on AlWasl on February 3 at 9 pm at Alawwal Park. Don't miss your chance & join thousands of passionate fans, & witness star players in action in this highly anticipated showdown.",Riyadh,Above 15,50 SAR per person,2/3/2025,2/3/2025,6:00 AM to 7:00 PM
Al Shabab vs Al Fayha - Roshn Saudi League Round 17,Book your seat for the Al Shabab vs Al Fayha Roshn Saudi League Round 17 on webook.com. Secure your tickets now for an unforgettable match day experience! Tickets for people with disabilities: Click Here,Riyadh,All,50 SAR per person,1/27/2025,1/27/2025,5:00 AM to 7:00 PM
Al Taawoun vs Al Ittihad - Roshn Saudi League Season Round 19,Book your seat for the Al Taawoun vs Al Ittihad - Roshn Saudi League Season Round 19 on webook.com. Secure your tickets now for an unforgettable matchday experience!,Buraydah,Adults,30 SAR per person,2/6/2025,2/6/2025,6:00 AM to 8:00 PM
Al Raed vs Al Okhdood - Roshn Saudi League Round 16,Book your seat for the Al Raed vs Al Okhdood Roshn Saudi League Round 16 on webook.com. Secure your tickets now for an unforgettable match day experience!,Buraydah,Adults,50 SAR per person,1/20/2025,1/20/2025,5:30 AM to 7:30 PM
Al Raed vs Al Nassr - Roshn Saudi League Round 18,Book your seat for the Al Raed vs Al Nassr Roshn Saudi League Round 18 on webook.com. Secure your tickets now for an unforgettable match day experience!,Buraydah,Above 15,20 SAR per person,1/30/2025,1/30/2025,7:00 AM to 9:00 PM
Al Raed vs Al Shabab - Roshn Saudi League Round 22,Book your seat for the Al Raed vs Al Shabab Roshn Saudi League Round 22 on webook.com. Secure your tickets now for an unforgettable match day experience!,Buraydah,Above 12,90 SAR per person,2/25/2025,2/25/2025,6:30 AM to 8:30 PM
Al Raed vs Al Fayha - Roshn Saudi League Round 20,Book your seat for the Al Raed vs Al Fayha Roshn Saudi League Round 20 on webook.com. Secure your tickets now for an unforgettable match day experience!,Buraydah,Above 12,Free Pass,2/15/2025,2/15/2025,5:00 AM to 6:00 PM
Al Okhdood vs Al Khaleej - Roshn Saudi League Round 17,Book your seat for the Al Okhdood vs Al Khaleej Roshn Saudi League Round 17 on webook.com. Secure your tickets now for an unforgettable match day experience!,Najran,All,Free Pass,1/25/2025,1/25/2025,6:00 AM to 7:00 PM
Al Okhdood vs Al Fateh - Roshn Saudi League Round 22,Book your seat for the Al Damac vs Al Fateh Roshn Saudi League Round 22 on webook.com. Secure your tickets now for an unforgettable match day experience!,Najran,Adults,70 SAR per person,2/24/2025,2/24/2025,5:00 AM to 7:00 PM
Al Qadsiah vs Al Raed - Roshn Saudi League - Round 19,Book Al Qadsiah VS Al Raed- Roshn Saudi League Match Week 19 tickets.,Dammam,All,20 SAR per person,2/6/2025,2/6/2025,6:00 AM to 8:00 PM
Al Qadsiah vs Al Okhdood - Roshn Saudi League - Round 21,Book Al Qadsiah VS Al Okhdood - Roshn Saudi League Match Week 21 tickets.,Dammam,Above 15,150 SAR per person,2/21/2025,2/21/2025,5:30 AM to 7:30 PM
Al Ettifaq vs Al Shabab - Roshn Saudi League Round 18,Book your seat for the Al Ettifaq vs Al Shabab Roshn Saudi League Round 18 on webook.com. Secure your tickets now for an unforgettable match day experience!,Dammam ,Adults,70 SAR per person,1/31/2025,1/31/2025,7:00 AM to 9:00 PM
Al Kholood vs Al Riyadh - Roshn Saudi League Round 19,Book your seat for the Al Kholood vs Al Riyadh Roshn Saudi League Round 19 on webook.com. Secure your tickets now for an unforgettable match day experience!,Al Qassim,Above 15,20 SAR per person,2/8/2025,2/8/2025,6:30 AM to 8:30 PM
Al Kholood vs Al Raed - Roshn Saudi League Round 17,Book your seat for the Al Kholood vs Al Raed Roshn Saudi League Round 17 on webook.com. Secure your tickets now for an unforgettable match day experience!,Al Qassim,All,70 SAR per person,1/25/2025,1/25/2025,5:00 AM to 6:00 PM
Al Taawoun vs Al Orobah - Roshn Saudi League Season Round 17,Book your seat for the Al Taawoun vs Al Orobah - Roshn Saudi League Season Round 17 on webook.com. Secure your tickets now for an unforgettable matchday experience!,Buraydah,Adults,40 SAR per person,1/26/2025,1/26/2025,6:00 AM to 7:00 PM
Al Shabab vs Al Qadisiyah - Roshn Saudi League Round 20,Book your seat for the Al Shabab vs Al Qadisiyah Roshn Saudi League Round 20 on webook.com. Secure your tickets now for an unforgettable match day experience! Tickets for people with disabilities: Click Here,Riyadh,Above 15,Free Pass,2/13/2025,2/13/2025,5:00 AM to 7:00 PM
Al Ettifaq vs Al Taawoun- Roshn Saudi League Round 22,Book your seat for the Al Ettifaq vs Al Taawoun Roshn Saudi League Round 22 on webook.com. Secure your tickets now for an unforgettable match day experience!,Dammam ,All,40 SAR per person,2/26/2025,2/26/2025,6:00 AM to 8:00 PM
Al Orobah vs Al Wehda - Roshn Saudi League Round 19,Book your seat now for the exciting Al Orobah vs Al Wehda Roshn Saudi League Round 19. Don’t miss out on this thrilling event! Secure your tickets on webook.com.,Al Jouf,Above 12,70 SAR per person,2/7/2025,2/7/2025,5:30 AM to 7:30 PM
Al Orobah vs Al Ahli - Roshn Saudi League Round 18,Book your seat now for the exciting Al Orobah vs Al Ahli Roshn Saudi League Round 18. Don’t miss out on this thrilling event! Secure your tickets on webook.com.,Al Jouf,Adults,30 SAR per person,1/30/2025,1/30/2025,7:00 AM to 9:00 PM
Al Orobah vs Al Qadisiyah - Roshn Saudi League Round 16,Book your seat now for the exciting Al Orobah vs Al Qadisiyah Roshn Saudi League Round 16. Don’t miss out on this thrilling event! Secure your tickets on webook.com.,Al Jouf,All,30 SAR per person,1/22/2025,1/22/2025,6:30 AM to 8:30 PM
Al Qadsiah vs Al Hilal - Roshn Saudi League - Round 17,Book Al Qadsiah VS Al Hilal - Roshn Saudi League Match Week 17 tickets.,Dammam,Adults,Free Pass,1/27/2025,1/27/2025,5:00 AM to 6:00 PM
Al Shabab vs Al Kaleej - Roshn Saudi League Round 19,Book your seat for the Al Shabab vs Al Kaleej Roshn Saudi League Round 19 on webook.com. Secure your tickets now for an unforgettable match day experience! Tickets for people with disabilities: Click Here,Riyadh,Above 15,50 SAR per person,2/6/2025,2/6/2025,6:00 AM to 7:00 PM
Al Ettifaq vs Al Fateh - Roshn Saudi League Round 20,Book your seat for the Al Ettifaq vs Al Fateh Roshn Saudi League Round 20 on webook.com. Secure your tickets now for an unforgettable match day experience!,Dammam ,Above 15,20 SAR per person,2/14/2025,2/14/2025,5:00 AM to 7:00 PM
Al-okhdood Season,Al Okhdood seasonal tickets that includes all matches to the end of the season.,Najran,Above 15,70 SAR per person,12/16/2024,5/31/2025,6:00 AM to 8:00 PM
Al Wehda vs Al Ettifaq - Roshn Saudi League - Round 17,Book your seat for the exciting clash between Al Wehda vs Al Ettifaq in the Roshn Saudi League Round 17. Secure tickets now on webook.com!,Mecca,Adults,70 SAR per person,1/25/2025,1/25/2025,5:30 AM to 7:30 PM
Al Riyadh vs Al Raed - Roshn Saudi League Round 21,Book your seat for the exciting clash between Al Riyadh vs Al Raed in the Roshn Saudi League Round 21. Secure tickets now on webook.com!,Riyadh,Above 15,30 SAR per person,2/20/2025,2/20/2025,7:00 AM to 9:00 PM
Al Riyadh vs Al Fayha - Roshn Saudi League Round 22,Book your seat for the exciting clash between Al Riyadh vs Al Fayha in the Roshn Saudi League Round 22. Secure tickets now on webook.com!,Riyadh,Adults,50 SAR per person,2/26/2025,2/26/2025,6:30 AM to 8:30 PM
Al Riyadh vs Al Wehda - Roshn Saudi League Round 18,Book your seat for the exciting clash between Al Riyadh vs Al Wehda in the Roshn Saudi League Round 18. Secure tickets now on webook.com!,Riyadh,Above 15,Free Pass,1/30/2025,1/30/2025,5:00 AM to 6:00 PM
Al Riyadh vs Al Taawon - Roshn Saudi League Round 16,Book your seat for the exciting clash between Al Riyadh vs Al Taawon in the Roshn Saudi League Round 16. Secure tickets now on webook.com!,Riyadh,All,50 SAR per person,1/21/2025,1/21/2025,6:00 AM to 7:00 PM
Al Awwal Park Tours,"Step into the world of champions with our exclusive Stadium Tours at Alawwal Park, the iconic home of Al Nassr FC. This guided experience offers football fans and sports enthusiasts a unique opportunity to explore behind the scenes of one of Riyadh’s most renowned stadiums.",Riyadh,All,Free Pass,10/30/2024,10/30/2024,5:00 AM to 7:00 PM
SKYWALKER,Dare to walk the wing! Test your balance and bravery on this Via-Ferrata-style course across the plane's wing and roof.,Riyadh,All,Free Pass,12/18/2024,2/15/2025,6:00 AM to 8:00 PM
The Al-Manqiah Experience,An interactive experience combining theoretical and physical challenges aimed at training participants to become knights of Al-Manqiah. Success depends on earning points by engaging in both individual and group challenges in a competitive environment that fosters team spirit and a sense of belonging.,Diriyah,Adults,50 SAR per person,1/17/2025,2/25/2025,5:30 AM to 7:30 PM
A Land Restored Experience,"An interactive journey that takes participants through a unique time machine to explore key milestones in the life of Imam Turki bin Abdullah. Over 45 to 60 minutes, participants move through three different zones, interact with characters, face challenges, and experience reenactments that creatively depict his stories.",Diriyah,Above 12,Free Pass,1/17/2025,2/25/2025,7:00 AM to 9:00 PM
Snow Village,"Experience the charm of winter in Riyadh at Snow Village! Enjoy festive carnival games, skate under the stars, capture memories in the Igloo House Photobooth, and take a whimsical ride through the Penguin Tunnel. A complete winter-themed adventure awaits!",Riyadh,All,Free Pass,12/13/2024,2/1/2025,6:30 AM to 8:30 PM
EMERGENCY DROP,"Slide to safety! Enjoy a fun escape on the custom-made inflatable exit slide, adding a thrilling twist to your adventure.",Riyadh,Adults,20 SAR per person,12/18/2024,2/15/2025,5:00 AM to 6:00 PM
HERO’S AWAY,"Slide like a hero! Feel the thrill as you slide down the custom firepole from the engine bay, firefighter style!",Riyadh,Above 12,120 SAR per person,12/18/2024,2/15/2025,6:00 AM to 7:00 PM
FLIGHT FUNHOUSE,"Let the kids’ imaginations soar! The flight fun house is a world of fun just for them, filled with interactive play and endless excitement.",Riyadh,Adults,90 SAR per person,12/18/2024,2/15/2025,5:00 AM to 7:00 PM
DROPZONE,Feel the freefall! Step into Dropzone and experience the excitement of a controlled freefall for an unforgettable rush.,Riyadh,Adults,150 SAR per person,12/18/2024,2/15/2025,6:00 AM to 8:00 PM
SONIC SLIDE,"Slide beneath the wing! Grab a snow tube and race down the Sonic Slide’s twists and turns for a wild, wind-in-your-face experience!",Riyadh,Above 12,70 SAR per person,12/18/2024,2/15/2025,5:30 AM to 7:30 PM
ALTITUDE DROP,"Take the leap! Feel the thrill as you drop from 12 meters high and land on soft, impact-absorbing tiles. This is no ordinary slide!",Riyadh,Above 12,30 SAR per person,12/18/2024,2/15/2025,7:00 AM to 9:00 PM
Sky War,A passenger plane laden with a treasure trove of gold has been hijacked by the infamous criminal organization known as the Nightmare Syndicate.,Riyadh,Above 12,20 SAR per person,12/17/2024,2/15/2025,6:30 AM to 8:30 PM
WINGTIP CLIMBER,Reach for the skies! Conquer the plane’s tail and experience the climb of a lifetime.,Riyadh,All,Free Pass,12/18/2024,2/15/2025,5:00 AM to 6:00 PM
CLOUD BOUNCE,Bounce to the skies! Jump on massive air trampolines and feel like you’re leaping above the clouds. It’s as close to flying as it gets!,Riyadh,Above 12,30 SAR per person,12/18/2024,2/15/2025,6:00 AM to 7:00 PM
Am Hussain,Am Hussain opens the doors of his aircraft for everyone to experience the delicious and authentic taste of Middle Eastern cuisine.,Riyadh,Above 12,Free Pass,12/18/2024,2/15/2025,5:00 AM to 7:00 PM
THE DISAPPEARANCE OF FLIGHT NO. 1661,"A plane is caught in a fierce storm that veers it off its usual course, propelling it into an alternate dimension dominated by hovering, ravenous ghosts. In this mysterious world teeming with terrifying surprises awaiting its passengers, the stakes have never been higher. Will the aircraft manage to navigate back to reality and land safely, or will it remain forever lost in this haunting realm? Gates close: 11 pm",Riyadh,Above 15,70 SAR per person,12/17/2024,2/15/2025,6:00 AM to 8:00 PM
Confluence of Saudi-Brazilian Culture - CONEXÃO,"The second edition of ( ?????? - CONEXÃO) brings an extraordinary artistic experience, hosted by the Royal Institute of Traditional Arts (wrth), featuring Brazil as the guest country. This event celebrates the rich cultural heritage of Saudi Arabia and Brazil, fostering a shared artistic space and creating a cultural intersection between their traditional arts. The event includes: 1- A Performance Between Two Nations Five chapters unfold the story! It begins with the encounter of two children representing Saudi Arabia and Brazil, leading to a harmonious flow of the show featuring five traditional Saudi dances and five Brazilian dances. The show concludes with a contemporary dance performed to a fusion of melodies blending both cultures. 2- A Collaborative ArtPiece  ""Harmony“ is a masterpiece co-created through the collaboration of a Saudi and a Brazilian artist. The artwork merges elements of traditional art from both nations, reflecting the unity of their cultural heritage. 3- Cultural Activations 10 interactive experiences designed to enrich knowledge in an engaging way, covering various aspects such as art, music, and food.",Riyadh,Adults,20 SAR per person,1/30/2025,2/1/2025,5:30 AM to 7:30 PM
The Illusionist,Experience the magic of the Illusionist Circus as part of Jeddah Calendar events! Enjoy mind-blowing illusions and spectacular performances that will amaze the entire family at Abadi Al Johar Arena from January 29 to February 1. Book your tickets now and get ready for a night of wonder and excitement!,Jeddah,Above 15,Free Pass,1/29/2025,2/1/2025,7:00 AM to 9:00 PM
At-Turaif Workshops,"At-Turaif workshops introduce traditional building techniques, ancient Diriyah doors, traditional Najdi interior decoration, ink making and other arts inspired by At-Turaif district and its rich culture.",Diriyah,Above 12,30 SAR per person,1/15/2025,3/29/2025,6:30 AM to 8:30 PM
Layali Maraya,"Layali Maraya is an exclusive open market showcasing Winter and Ramadan collections from renowned Arab designers. Hosted at the elegant Mansard Hotel in Riyadh on January 27th till the 29th, 2025, the event offers attendees a unique blend of fashion, culture, and artistry. Visitors can explore curated designs, connect with top talents, and enjoy a vibrant atmosphere complete with delightful refreshments.",Riyadh,Above 12,90 SAR per person,1/28/2025,1/29/2025,5:00 AM to 6:00 PM
Manga Hokusai Manga,"“Manga Hokusai Manga” is a traveling exhibition that explores the historical roots and global influence of manga. Beginning with Katsushika Hokusai’s pioneering drawings of the Edo period, the exhibition moves to contemporary works to reveal how this art form has evolved into a vibrant visual language enjoyed around the world. The exhibition allows visitors to discover the cultural dialogues that exist where past meets present, heritage meets creativity, and Japan’s artistic legacy resonates across borders.",Riyadh,Above 12,20 SAR per person,1/15/2025,2/8/2025,6:00 AM to 7:00 PM
PERFUMES WEEK,"Join us at Perfume Week, where the essence of tradition meets the latest innovations in the world of fragrances! Discover a wide range of luxurious perfumes and enjoy a unique experience that blends oriental and western scents to captivate your senses. Celebrate the art of perfumery with us, where every fragrance tells a story of creativity and beauty.",Jeddah,Above 15,70 SAR per person,2/6/2025,2/14/2025,5:00 AM to 7:00 PM
Life and Journey: Saad Alobaid,"The late artist Saad AlObaid's exhibition, which is held to revive his legacy, features more than 150 of his works and serves as a celebration of his distinguished career, filled with achievements and successes. The exhibition includes a rich program of talks, workshops, live painting, and a documentary on his fascinating life. The exhibition showcases the body of his works accomplished throughout his remarkable career to commemorate his memory and enhance the creativity and contemporary artistic vision he was known for. It aims to engage the local community in this vibrant art event and celebrate the career of the late artist Saad AlObaid while introducing his artistic works.",Riyadh,Above 12,60 SAR per person,1/18/2025,1/24/2025,6:00 AM to 8:00 PM
Doos Karting,The best go-karting experience in The largest multi-level circuit in the world.,Riyadh,Above 15,90 SAR per person,2/26/2025,2/26/2025,5:30 AM to 7:30 PM
Majlis At-Turaif,"Majlis At-Turaif includes a comprehensive cultural program that discusses the history and stories of Diriyah, in addition to facilities that introduce the importance of the concept of Al Majlis and hospitality in Saudi culture",Diriyah,Above 15,150 SAR per person,1/15/2025,3/31/2025,7:00 AM to 9:00 PM
Ardah,"The performance offers the visitors a unique engagement experience to grasp the spirit of Ardah aspects such as spoken poems, warriors’ attires and how it is rooted in Diriyah past, present, and future.",Diriyah,Above 12,20 SAR per person,1/17/2025,3/31/2025,6:30 AM to 8:30 PM
Live Poetry,Improvised poetry performances and heroic stories throughout the At-Turaif,Diriyah,All,30 SAR per person,1/15/2025,3/31/2025,5:00 AM to 6:00 PM
Arabian Horse Show,Highlighting the beauty and importance of purebred Arabian horses so that visitors can learn about the most important and famous breeds that we have inherited throughout history.,Diriyah,Above 12,70 SAR per person,1/15/2025,3/31/2025,6:00 AM to 7:00 PM
South West Cowboy Town,"Cowboy Town is a tourist town that offers many western experiences and authentic cowboy culture, including a cowboy show, a café area, and many distinctive children's games.",Riyadh,Above 12,Free Pass,1/8/2025,2/28/2025,5:00 AM to 7:00 PM
Art Must Be Artificial: Perspectives of AI in the Visual Arts exhibition,"The first exhibition at Diriyah Art Futures, ""Art Must Be Artificial: Perspectives of AI in the Visual Arts"", presents a sweeping history of the evolution of computational art, showcasing iconic algorithmic art spanning from the 1960s to the present day. The exhibition presents a survey of leading historic and current international artists using computational technology, including major Saudi artists. These pioneers are charting the evolution of the homo digitalis, the new human civilization we are experiencing. By posing questions around nature, technology and the creative process, their works help us to better understand the complexities and issues of our increasingly digital world. Children under 16 must be accompanied at all times. Children under 8 are not allowed in the exhibition. The exhibition is accompanied by a series of public programmes, including masterclasses, practical workshops, talks and performances.",Riyadh,Above 12,30 SAR per person,1/9/2025,1/9/2025,6:00 AM to 8:00 PM
Skiing Experience,"At Courchevel, enjoy an exciting skiing adventure with professional trainers by your side. Whether you're a beginner or just looking to have fun, our expert instructors will guide you through the basics and help improve your technique. We provide comfortable, tailored clothing for a seamless experience. It’s all about skiing for fun to make every moment unforgettable. Ready to hit the slopes? Your adventure awaits!",Riyadh,All,50 SAR per person,12/18/2024,2/28/2025,5:30 AM to 7:30 PM
Deadwood Mansion,Find out if you have what it takes to survive a zombie apocalypse. Work with your squad to escape Deadwood Mansion. Face your fears and battle a terrifying undead horde. Will you discover the mysteries of the mansion before it's too late?,Riyadh,Adults,20 SAR per person,1/9/2025,1/9/2025,7:00 AM to 9:00 PM
Historical Quest,An interactive treasure hunt where  visitors solve historical puzzles to  discover hidden treasures.,Diriyah,Above 12,40 SAR per person,2/6/2025,2/28/2025,6:30 AM to 8:30 PM
Hospitality,The hospitality that characterizes the people of Diriyah and the Kingdom of Saudi Arabia,Diriyah,All,50 SAR per person,1/15/2025,3/31/2025,5:00 AM to 6:00 PM
As-Samri Night,"Be entertained by As Samri: a joyful communal performance combining traditional poetry, rhythmic music and dance.",Diriyah,Adults,60 SAR per person,1/15/2025,3/27/2025,6:00 AM to 7:00 PM
Diriyah Remembrance,"It is an interactive theatrical show that tells the story of Diriyah. It will take the visitor on a journey through time and a tour between the gates of At-Turaif, telling the history of Diriyah, its imams, its heroes and how they defended the state with their lives.",Diriyah,Above 12,70 SAR per person,1/15/2025,3/28/2025,5:00 AM to 7:00 PM
Traditional games,Experience the excitement of traditional games in a captivating live demonstration,Diriyah,Above 15,20 SAR per person,1/18/2025,3/31/2025,6:00 AM to 8:00 PM
PUBG MOBILE,"Experience PUBG like never before! Join the warriors and participate in exciting laser battles, where the fittest survive. Experience realism in an atmosphere full of excitement and thrill, and be the last survivor in an unforgettable battle?",Riyadh,Adults,150 SAR per person,10/13/2024,2/28/2025,5:30 AM to 7:30 PM
CoComelon- Playdate,"At CoComelon Playdate, families create unforgettable memories as they step into the world of CoComelon. Meet JJ and Cody up close, and let your little ones learn, explore, and discover through interactive play designed just for them. It’s a chance for kids to engage in meaningful, hands-on experiences while parents enjoy watching their imaginations come to life. CoComelon Playdate isn’t just a visit it’s an experience that leaves families delighted, excited to return, and eager to book again.",Riyadh,All,20 SAR per person,11/4/2024,4/10/2025,7:00 AM to 9:00 PM
Luca Park,"“Luca Park” is the first dog park in Saudi Arabia, featuring both indoor and outdoor areas. We offer 12 unique services, including training, grooming, and more. Your dog can even enjoy playing in the water with our swimming pool. It’s the perfect place for you and your dog to play and socialize in a fun and safe environment.",Riyadh,All,Free Pass,12/22/2024,3/9/2025,6:30 AM to 8:30 PM
10/10 burger,"Step into the control tower and indulge your palate with the famous Mike Majlak burger, known for its rich flavor, fresh meat, and melted cheese.",Riyadh,Adults,20 SAR per person,12/17/2024,2/15/2025,5:00 AM to 6:00 PM
Death maze,Challenge unparalleled terror in the depths of an ancient Egyptian pyramid! Embark on a terrifying maze through dark corridors and haunted chambers filled with vengeful spirits. Test your courage against the traps of death and the wrath of the guardian mummies. Do you have the bravery to escape the darkness and save your soul?,Riyadh,Above 12,70 SAR per person,12/17/2024,4/10/2025,6:00 AM to 7:00 PM
Christian Dior : Designer of Dreams Exhibition,The Christian Dior| Designer of Dreams Exhibition opened at the Saudi National Museum Almurabaa,Riyadh,Above 12,10 SAR per person,11/26/2024,11/26/2024,5:00 AM to 7:00 PM
Top Shot,"Top shot is a sanctuary for airsoft enthusiasts, firearm collectors, and thrill-seekers craving an unmatched adrenaline rush. This tactical warfare experience elevates the thrill to new heights, where precision, strategy, and intensity converge. At Top shot, you’ll immerse yourself in a world of military precision and authentic combat scenarios, designed to challenge even the most seasoned players.",Riyadh,Above 15,120 SAR per person,10/13/2024,10/13/2024,6:00 AM to 8:00 PM
Mystery of the Nile,"Discover the secret of the Nile's wrath and prepare to face its wrath that emanates from the depths of history and embark on a terrifying journey inside the ancient Egyptian tombs, redefining the meaning of fear before your eyes.",Riyadh,Above 15,30 SAR per person,10/13/2024,10/13/2024,5:30 AM to 7:30 PM
Detective Conan,Be the detective and discover the secrets of the crime and try to find the treasure. Overcome the challenges and solve the puzzles through several stages and interactive activities that take you to the mysterious and exciting world of Detective Conan.?,Riyadh,Above 12,150 SAR per person,10/13/2024,10/13/2024,7:00 AM to 9:00 PM
"Bluey ""Dream land"" ?","Embark on endless adventures with Bluey and Bingo in the amazing world of dreams, where fairy tales become reality.?",Riyadh,Above 12,30 SAR per person,10/13/2025,10/13/2025,6:30 AM to 8:30 PM
Five Nights At Freddy’s “Security Breach”?,"In the new version of Five Nights at Freddy's, the level of horror and challenges has risen to new unprecedented levels, so you must overcome them to survive. Will you be able to survive and get out of the mall safely??",Riyadh,All,40 SAR per person,10/13/2025,10/13/2025,5:00 AM to 6:00 PM
Greece Villas,"The VIP experience at Boulevard World offers a luxurious and exclusive space for guests to stay in the Greece area, allowing them to enjoy the best events and activities in Boulevard World with added comfort. Guests are accompanied by a dedicated hostess and personal butler who manage their visit, ensuring a seamless and enjoyable shopping and entertainment experience, while they relax and unwind in the villa's lavish facilities during breaks.",Riyadh,Above 12,30 SAR per person,11/4/2024,4/10/2025,6:00 AM to 7:00 PM
BLVD Forest,BLVD Forest returns with rare exotic animals in a new African-inspired setting. Enjoy interactive wildlife experiences!,Riyadh,Adults,40 SAR per person,10/13/2024,10/13/2024,5:00 AM to 7:00 PM
Secret of Scarab “ Escape Room”,"A mysterious scarab carrying the wrath of the Pharaohs awaits anyone who dares to disturb their slumber. Try to solve the puzzle and escape the evil fate, decipher the hieroglyphics, and break the curse before time runs out.",Riyadh,Adults,60 SAR per person,10/16/2024,10/16/2024,6:00 AM to 8:00 PM
Experience Courchevel,Get ready to enjoy an exceptional experience that takes you to the heights of the French mountains in the Courchevel zone at Boulevard World. This experience offers a wonderful winter atmosphere where you can amid breathtaking snowy landscapes that replicate the magic of a European winter.,Riyadh,Adults,Free Pass,12/18/2024,12/18/2024,5:30 AM to 7:30 PM
The Vampire Hotel,Welcome to the Vampire Hotel We are happy to have you visit us and discover our new world in our Italian-style hotel covered in blood where each room holds a scary survival challenge... Will you be able to get out safely?,Riyadh,Above 15,10 SAR per person,10/13/2025,10/13/2025,7:00 AM to 9:00 PM
Doll's Trip,"On an isolated island on the edge of a quiet lake, suspicious dolls float. Discover the secrets of the mysteriously drowned dolls, and embark on an unforgettable horror experience where mystery and fear are mixed at every moment",Riyadh,All,30 SAR per person,10/13/2025,10/13/2025,6:30 AM to 8:30 PM
Swimming with Dolphins,Create new wonderful memories with the experience of swimming solely with the dolphins,Riyadh,All,50 SAR per person,10/13/2025,10/13/2025,5:00 AM to 6:00 PM
BLVD Dolphinarium,"BLVD Dolphinarium is back with a new show! Enjoy photos, swim with dolphins, and educational programs.",Riyadh,Adults,30 SAR per person,10/13/2025,10/13/2025,6:00 AM to 7:00 PM
BattleKart Boulevard World,"BattleKart is the worlds first REAL life video game based karting. Imagine having a real war on the race track where you can shoot rockets to stop other opponents, drift with turbo bonus, and leave oil barrels behind. Many other game modes are offered like football karting, the famous snake game, and a lot more. Up to the challenge?",Riyadh,All,50 SAR per person,10/26/2025,10/26/2025,5:00 AM to 7:00 PM
SuperFly,"Defy gravity and show your Superhero skills as you fly! Superfly features a unique open-air flight zone, where you can soar high during your flying experience in an enclosed flying area for safe flights, making the dream of flight accessible to anyone.",Riyadh,Above 15,50 SAR per person,11/4/2024,4/10/2025,6:00 AM to 8:00 PM
Oasis,"Get ready to enjoy a unique beach experience, where you will swim among waves of plastic balls and live a unique atmosphere of relaxation and fun filled with fun and various activities.",Riyadh,Adults,30 SAR per person,10/13/2025,10/13/2025,5:30 AM to 7:30 PM
Dead Wood Valley,"Engage in an adrenaline-pumping zombie thrill-ride through a town overrun by zombies. Ride across isolated country roads and explore the darkest depths of the valley. Utilize an arsenal of exciting weapons like shotguns, magnum pistols, assault rifles and more. Your squad could stop the zombie menace forever - or die trying. Will your squad make it through the night?",Riyadh,Adults,Free Pass,11/26/2024,11/26/2024,7:00 AM to 9:00 PM
Squid Game Virtuals,"Squid Game Virtuals allows you to be fully immersed in the action of the most-watched Netflix show of all time. Compete against your crew in three thrilling mini-games. Race against your friends in Red Light, Green Light, and take careful steps as you Cross the glass bridge. Compete with your friends as you try to capture the high score. Will you be the sole survivor and grand prize winner? Find out today",Riyadh,Adults,10 SAR per person,11/26/2024,11/26/2024,6:30 AM to 8:30 PM
WWE Experience,WELCOME TO THE WWE EXPERIENCE!,Riyadh,Above 12,40 SAR per person,10/13/2025,10/13/2025,5:00 AM to 6:00 PM
Big Fun Museum,"An awesome journey awaits you through new worlds in the “Museum of Illusions”, an incredible adventure on the planet Alphatar in the “Fairy Tale Forest Museum”, and an opportunity to experience the seven senses in the “Museum of Feelings”. 3D images of memories can come to life! Hand-painted by the best artists in the world",Riyadh,All,Free Pass,1/9/2024,1/29/2025,6:00 AM to 7:00 PM
FIT EXPO - The Premier Sports & Fitness Event in Saudi Arabia 3rd Edition,"FIT EXPO is one of the leading health and fitness exhibitions in Saudi Arabia, aiming to promote a healthy and active lifestyle. The expo includes various sports championships and features celebrities from the sports and fitness industry. Whether you’re a professional or simply a fitness enthusiast, FIT EXPO is the perfect destination for you. Get your tickets now via webook and don’t miss out on this exciting sports event in Saudi Arabia.",Jeddah,Above 12,20 SAR per person,1/23/2025,1/25/2025,5:00 AM to 7:00 PM
Riyadh Racing Season Race Night,"A race night at King Abdulaziz Racecourse is an evening like no other. The jewel in the crown of Saudi racing, this sophisticated venue features picturesque viewing lawns, stylish lounges and restaurants and, of course, proximity to the thrilling racing action. Tickets and award-winning all-inclusive hospitality experiences are available (tickets for under 16s are free when accompanied by an adult). The racecourse has free car parking. Select from:",Riyadh,All,150 SAR per person,3/15/2025,3/15/2025,6:00 AM to 8:00 PM
Aseeri Step Festival,Highlights the Aseeri Step as a cultural heritage element,Abha,All,20 SAR per person,11/27/2022,12/1/2022,5:30 AM to 7:30 PM
AlUla Arts Festival,A festival celebrating arts and culture,Al-Ula,Above 12,90 SAR per person,1/7/2023,1/12/2023,7:00 AM to 9:00 PM
Dhaif Al-Ahlam Festival,Focuses on hospitality and traditional Saudi cuisine.,Riyadh,Above 15,40 SAR per person,2/12/2023,2/17/2023,6:30 AM to 8:30 PM
Khaleej Festival,Celebrates Gulf cooperation and heritage with various cultural activities.,Jeddah,All,50 SAR per person,6/1/2023,6/7/2023,5:00 AM to 6:00 PM
Souq Okaz Festival,Revives the historic marketplace with art exhibitions and poetry competitions.,Taif,Adults,Free Pass,7/12/2023,7/22/2023,6:00 AM to 7:00 PM
Theatrical Performances at Riyadh Season,A series of theatrical performances showcasing Saudi talent.,Riyadh,Adults,Free Pass,10/21/2022,12/31/2022,5:00 AM to 7:00 PM
Camel Festival,Celebrates the cultural significance of camels with competitions and exhibitions.,Jeddah,All,30 SAR per person,12/10/2022,1/10/2022,6:00 AM to 8:00 PM
Aseer Cultural Festival,Features local arts,Abha,Above 12,70 SAR per person,7/20/2023,8/5/2023,5:30 AM to 7:30 PM
Mawsem Festival,Highlights seasonal food and cultural traditions.,Riyadh,All,120 SAR per person,3/10/2023,3/20/2023,7:00 AM to 9:00 PM
Red Sea International Film Festival,Celebrates cinema and filmmakers from the region.,Jeddah,Above 12,10 SAR per person,12/6/2022,12/15/2022,6:30 AM to 8:30 PM
Qassim Date Festival,Showcases the region's famous dates with competitions and tastings., Qassim,Adults,150 SAR per person,9/1/2023,9/15/2023,5:00 AM to 6:00 PM
Al-Ula Music Festival,A music festival featuring performances from local and international artists.,Al-Ula,Above 12,40 SAR per person,3/5/2023,3/10/2023,6:00 AM to 7:00 PM
Al-Faisaliah Festival,Celebrates local crafts and heritage.,Riyadh,Adults,50 SAR per person,4/10/2023,4/15/2023,5:00 AM to 7:00 PM
Saudi Food Festival,A culinary event showcasing traditional Saudi dishes.,Riyadh,Adults,50 SAR per person,11/10/2023,11/15/2023,6:00 AM to 8:00 PM
Literary Festival,Featuring authors,Riyadh,Above 15,30 SAR per person,5/5/2023,5/10/2023,5:30 AM to 7:30 PM
Soudah Season,Showcases the region's natural beauty and heritage.,Abha,Adults,50 SAR per person,8/20/2023,9/5/2023,7:00 AM to 9:00 PM
Al-Balad Heritage Festival,A celebration of the history and culture of Al-Balad,Jeddah,Adults,50 SAR per person,2/1/2023,2/10/2023,6:30 AM to 8:30 PM
Riyadh International Book Fair,A major event promoting reading,Riyadh,Above 12,50 SAR per person,10/12/2023,10/22/2023,5:00 AM to 6:00 PM
Makkah Cultural Heritage Festival,Showcases the cultural heritage of Makkah through exhibitions and performances.,Makkah,All,90 SAR per person,7/1/2023,7/15/2023,6:00 AM to 7:00 PM
AlUla Winter Festival,Celebrates winter with cultural events,Al-Ula,Adults,Free Pass,12/20/2022,1/5/2023,5:00 AM to 7:00 PM
Jeddah Season,A summer festival featuring entertainment,Jeddah,All,60 SAR per person,6/20/2023,9/2/2023,6:00 AM to 8:00 PM
Tuwaiq International Sculpture Symposium,An art symposium focusing on sculpture,Riyadh,Above 15,Free Pass,11/1/2022,11/30/2022,5:30 AM to 7:30 PM
Heritage and Culture Festival,Highlights the cultural heritage of Najran with performances and workshops.,Najran,Above 12,30 SAR per person,5/20/2023,5/25/2023,7:00 AM to 9:00 PM
Al-Majma'ah Festival,Celebrates local culture with various artistic and cultural activities.,Al-Majma'ah,Above 12,60 SAR per person,9/5/2023,9/12/2023,6:30 AM to 8:30 PM
Traditional Poetry Festival,Features competitions and performances of traditional poetry.,Taif,Above 15,30 SAR per person,7/1/2023,7/5/2023,5:00 AM to 6:00 PM
Heritage of the Oasis Festival,Celebrates the rich heritage and history of the Al-Hasa oasis.,Al-Hasa,Above 12,40 SAR per person,2/15/2023,2/20/2023,6:00 AM to 7:00 PM
Cultural Exchange Forum,A platform for discussing cultural exchange and collaboration.,Riyadh,Above 12,70 SAR per person,3/15/2023,3/17/2023,5:00 AM to 7:00 PM
Riyadh Street Art Festival,Showcases street art and urban culture,Riyadh,Above 15,50 SAR per person,8/1/2023,8/10/2023,6:00 AM to 8:00 PM
Jeddah Film Festival,Celebrates cinema and promotes local filmmakers.,Jeddah,Above 15,60 SAR per person,10/15/2022,10/20/2022,5:30 AM to 7:30 PM
Shahran Cultural Festival,Features local arts,Al-Baha,Adults,50 SAR per person,9/1/2023,9/10/2023,7:00 AM to 9:00 PM
Traditional Crafts Exhibition,Showcases traditional crafts and artisans from across the kingdom.,Riyadh,Adults,20 SAR per person,11/1/2023,11/7/2023,6:30 AM to 8:30 PM
Taif Summer Festival,A summer festival featuring cultural events,Taif,All,150 SAR per person,7/1/2023,8/15/2023,5:00 AM to 6:00 PM
Al-Qassim Cultural Festival,Showcases the cultural heritage of the Qassim region.,Qassim,All,50 SAR per person,3/10/2023,3/20/2023,6:00 AM to 7:00 PM
Midsummer Nights Festival,A cultural festival celebrating the arts with performances and workshops.,Riyadh,All,90 SAR per person,6/15/2023,6/30/2023,5:00 AM to 7:00 PM
Saudi Music Festival,Features local and international musicians,Riyadh,All,50 SAR per person,1/5/2023,1/10/2023,6:00 AM to 8:00 PM
Asir Summer Festival,Celebrates the culture and traditions of the Asir region.,Abha,Adults,50 SAR per person,7/20/2023,8/5/2023,5:30 AM to 7:30 PM
Traditional Dance Festival,Showcases traditional dances from various regions of Saudi Arabia.,Riyadh,Adults,10 SAR per person,4/20/2023,4/25/2023,7:00 AM to 9:00 PM
Cultural Heritage Exhibitions,Features exhibitions focused on Saudi heritage and history.,Dammam,Adults,70 SAR per person,8/10/2023,8/20/2023,6:30 AM to 8:30 PM
Al-Jouf Heritage Festival,Celebrates the heritage and culture of Al-Jouf region through events and performances.,Al-Jouf,Above 15,20 SAR per person,10/1/2023,10/10/2023,5:00 AM to 6:00 PM
Poetry and Literature Festival,Features poetry readings and literary discussions with local and international authors.,Jeddah,All,40 SAR per person,11/15/2022,11/20/2022,6:00 AM to 7:00 PM
Traditional Cuisine Festival,Showcases traditional Saudi dishes and culinary practices.,Riyadh,Adults,70 SAR per person,9/15/2023,9/22/2023,5:00 AM to 7:00 PM
Artistic Expressions Festival,Celebrates art,Dammam,Above 15,10 SAR per person,6/1/2023,6/10/2023,6:00 AM to 8:00 PM
Riyadh Fashion Week,Showcases local and international fashion designers.,Riyadh,Above 15,60 SAR per person,3/20/2023,3/25/2023,5:30 AM to 7:30 PM
Winter at Tantora Festival,A winter festival featuring concerts,Al-Ula,Adults,10 SAR per person,12/15/2022,1/7/2023,7:00 AM to 9:00 PM
Jeddah Art Week,A week dedicated to contemporary art,Jeddah,Adults,30 SAR per person,4/1/2023,4/7/2023,6:30 AM to 8:30 PM
Festival of Heritage and Culture,Highlights Saudi heritage through various cultural activities and exhibitions.,Riyadh,Above 12,50 SAR per person,1/10/2023,1/15/2023,5:00 AM to 6:00 PM
Traditional Jewelry Exhibition,Showcases traditional jewelry and crafts from different regions of Saudi Arabia.,Qassim,Above 12,150 SAR per person,11/15/2022,11/20/2022,6:00 AM to 7:00 PM
Eastern Province Cultural Festival,Celebrates the rich cultural heritage of the Eastern Province with various activities.,Dammam,Above 15,50 SAR per person,10/5/2023,10/10/2023,5:00 AM to 7:00 PM
Arabian Horse Festival,A festival celebrating Arabian horse culture with competitions and exhibitions.,Riyadh,Adults,40 SAR per person,11/10/2023,11/15/2023,6:00 AM to 8:00 PM
Book Fair at King Abdulaziz Center,A book fair promoting literature and reading among the community.,Dammam,All,70 SAR per person,6/10/2023,6/15/2023,5:30 AM to 7:30 PM
Saudi Vision 2030 Cultural Festival,Celebrates Saudi Vision 2030 through various cultural activities and exhibitions.,Riyadh,All,10 SAR per person,9/10/2023,9/15/2023,7:00 AM to 9:00 PM
Historical Jeddah Festival,Showcases the historical significance and culture of Jeddah.,Jeddah,Adults,30 SAR per person,2/1/2023,2/15/2023,6:30 AM to 8:30 PM
Cultural Music Festival,Celebrates various musical genres with performances from local artists.,Al-Baha,All,90 SAR per person,4/20/2023,4/25/2023,5:00 AM to 6:00 PM
International Festival of Traditional Dances,A festival highlighting traditional dance forms from various cultures.,Riyadh,Adults,30 SAR per person,3/1/2023,3/5/2023,6:00 AM to 7:00 PM
Riyadh Art,A large-scale art exhibition featuring contemporary art installations across the city.,Riyadh,Above 15,20 SAR per person,3/15/2023,4/30/2023,5:00 AM to 7:00 PM
Saudi Arabian Film Week,Celebrates Saudi cinema with screenings and discussions.,Jeddah,All,Free Pass,10/15/2022,10/22/2022,6:00 AM to 8:00 PM
Folk Heritage Festival,Focuses on Najran's cultural heritage through crafts and performances.,Najran,Above 15,50 SAR per person,1/20/2023,1/25/2023,5:30 AM to 7:30 PM
Dhahran Music Festival,A music festival featuring local and regional musicians.,Dammam,All,20 SAR per person,6/15/2023,6/20/2023,7:00 AM to 9:00 PM
Festival of Visual Arts,Celebrates visual arts through exhibitions,Jeddah,Above 15,50 SAR per person,11/1/2023,11/7/2023,6:30 AM to 8:30 PM
Traditional Festival of Crafts,Highlights traditional crafts and artisans from various regions.,Riyadh,All,Free Pass,10/1/2023,10/10/2023,5:00 AM to 6:00 PM
Islamic Arts Festival,Focuses on Islamic art and architecture,Makkah,Adults,Free Pass,4/1/2023,4/7/2023,6:00 AM to 7:00 PM
Theatrical Festival at AlUla,Showcases theatrical performances and cultural events in AlUla.,Al-Ula,Above 12,120 SAR per person,12/10/2022,12/15/2022,5:00 AM to 7:00 PM
Soudah International Festival,A cultural festival featuring nature,Abha,Adults,40 SAR per person,8/20/2023,9/5/2023,6:00 AM to 8:00 PM
Al-Diriyah Season,A season celebrating the history and culture of Al-Diriyah.,Al-Diriyah,Adults,10 SAR per person,10/1/2023,12/30/2023,5:30 AM to 7:30 PM
Women’s Cultural Forum,A forum discussing women's contributions to culture and society.,Riyadh,Adults,120 SAR per person,3/8/2023,3/10/2023,7:00 AM to 9:00 PM
International Puppet Festival,Features puppet performances from various cultures.,Jeddah,Adults,150 SAR per person,11/10/2022,11/15/2022,6:30 AM to 8:30 PM
Heritage Village Festival,Celebrates the cultural heritage of the region with various activities.,Al-Ula,Adults,70 SAR per person,6/1/2023,6/5/2023,5:00 AM to 6:00 PM
Saudi Arabia Heritage Festival,Focuses on Saudi heritage through exhibitions and cultural performances.,Riyadh,Adults,40 SAR per person,9/15/2023,9/20/2023,6:00 AM to 7:00 PM
Taif Rose Festival,Celebrates the famous Taif rose with exhibitions and cultural activities.,Taif,All,10 SAR per person,5/1/2023,5/15/2023,5:00 AM to 7:00 PM
Khamis Mushait Cultural Festival,Showcases local culture through performances and workshops.,Abha,Adults,70 SAR per person,3/1/2023,3/5/2023,6:00 AM to 8:00 PM
Traditional Theater Festival,A festival featuring traditional theater performances and storytelling.,Riyadh,Above 12,90 SAR per person,4/1/2023,4/5/2023,5:30 AM to 7:30 PM
Al-Ahsa Cultural Heritage Festival,Celebrates the heritage and culture of the Al-Ahsa region.,Al-Ahsa,Above 15,30 SAR per person,9/1/2023,9/10/2023,7:00 AM to 9:00 PM
Saudi Film Festival,An event showcasing films from Saudi and international filmmakers.,Dammam,Above 15,Free Pass,4/1/2024,4/1/2024,6:30 AM to 8:30 PM
Global Harmony,A cultural initiative promoting global unity through various artistic expressions.,Riyadh,Above 12,120 SAR per person,10/13/2024,10/21/2024,5:00 AM to 6:00 PM
AlUla Winter Festival,A winter festival featuring concerts,Al-Ula,All,50 SAR per person,12/20/2022,1/5/2023,6:00 AM to 7:00 PM
Riyadh International Book Fair,A major event promoting reading,Riyadh,Adults,30 SAR per person,10/12/2023,10/22/2023,5:00 AM to 7:00 PM
Khaleej Festival,Celebrates Gulf cooperation and heritage with various cultural activities.,Jeddah,Adults,20 SAR per person,6/1/2023,6/7/2023,6:00 AM to 8:00 PM
Red Sea International Film Festival,Celebrates cinema and filmmakers from the region.,Jeddah,Above 15,60 SAR per person,12/6/2022,12/15/2022,5:30 AM to 7:30 PM
Qassim Date Festival,Showcases the region's famous dates with competitions and tastings., Qassim,All,60 SAR per person,9/1/2023,9/15/2023,7:00 AM to 9:00 PM
Al-Ula Music Festival,A music festival featuring performances from local and international artists.,Al-Ula,All,30 SAR per person,3/5/2023,3/10/2023,6:30 AM to 8:30 PM
Saudi Food Festival,A culinary event showcasing traditional Saudi dishes.,Riyadh,All,50 SAR per person,11/10/2023,11/15/2023,5:00 AM to 6:00 PM
Literary Festival,Featuring authors,Riyadh,Adults,40 SAR per person,5/5/2023,5/10/2023,6:00 AM to 7:00 PM
Soudah Season,Showcases the region's natural beauty and heritage.,Abha,Adults,70 SAR per person,8/20/2023,9/5/2023,5:00 AM to 7:00 PM
Al-Balad Heritage Festival,A celebration of the history and culture of Al-Balad,Jeddah,Adults,40 SAR per person,2/1/2023,2/10/2023,6:00 AM to 8:00 PM
Makkah Cultural Heritage Festival,Showcases the cultural heritage of Makkah through exhibitions and performances.,Makkah,Adults,70 SAR per person,7/1/2023,7/15/2023,5:30 AM to 7:30 PM
Jeddah Season,A summer festival featuring entertainment,Jeddah,All,50 SAR per person,6/20/2023,9/2/2023,7:00 AM to 9:00 PM
Tuwaiq International Sculpture Symposium,An art symposium focusing on sculpture,Riyadh,Above 12,150 SAR per person,11/1/2022,11/30/2022,6:30 AM to 8:30 PM
Heritage and Culture Festival,Highlights the cultural heritage of Najran with performances and workshops.,Najran,All,50 SAR per person,5/20/2023,5/25/2023,5:00 AM to 6:00 PM
Al-Majma'ah Festival,Celebrates local culture with various artistic and cultural activities.,Al-Majma'ah,Above 15,70 SAR per person,9/5/2023,9/12/2023,6:00 AM to 7:00 PM
Traditional Poetry Festival,Features competitions and performances of traditional poetry.,Taif,Above 15,20 SAR per person,7/1/2023,7/5/2023,5:00 AM to 7:00 PM
Heritage of the Oasis Festival,Celebrates the rich heritage and history of the Al-Hasa oasis.,Al-Hasa,Above 12,70 SAR per person,2/15/2023,2/20/2023,6:00 AM to 8:00 PM
Cultural Exchange Forum,A platform for discussing cultural exchange and collaboration.,Riyadh,Adults,40 SAR per person,3/15/2023,3/17/2023,5:30 AM to 7:30 PM
Riyadh Street Art Festival,Showcases street art and urban culture,Riyadh,All,30 SAR per person,8/1/2023,8/10/2023,7:00 AM to 9:00 PM
Jeddah Film Festival,Celebrates cinema and promotes local filmmakers.,Jeddah,Above 12,70 SAR per person,10/15/2022,10/20/2022,6:30 AM to 8:30 PM
Shahran Cultural Festival,Features local arts,Al-Baha,Adults,20 SAR per person,9/1/2023,9/10/2023,5:00 AM to 6:00 PM
Traditional Crafts Exhibition,Showcases traditional crafts and artisans from across the kingdom.,Riyadh,Above 12,50 SAR per person,11/1/2023,11/7/2023,6:00 AM to 7:00 PM
Taif Summer Festival,A summer festival featuring cultural events,Taif,Adults,Free Pass,7/1/2023,8/15/2023,5:00 AM to 7:00 PM
Al-Qassim Cultural Festival,Showcases the cultural heritage of the Qassim region.,Qassim,All,30 SAR per person,3/10/2023,3/20/2023,6:00 AM to 8:00 PM
Midsummer Nights Festival,A cultural festival celebrating the arts with performances and workshops.,Riyadh,Above 12,30 SAR per person,6/15/2023,6/30/2023,5:30 AM to 7:30 PM
Saudi Music Festival,Features local and international musicians,Riyadh,Adults,10 SAR per person,1/5/2023,1/10/2023,7:00 AM to 9:00 PM
Asir Summer Festival,Celebrates the culture and traditions of the Asir region.,Abha,Adults,60 SAR per person,7/20/2023,8/5/2023,6:30 AM to 8:30 PM
Traditional Dance Festival,Showcases traditional dances from various regions of Saudi Arabia.,Riyadh,Above 15,50 SAR per person,4/20/2023,4/25/2023,5:00 AM to 6:00 PM
Cultural Heritage Exhibitions,Features exhibitions focused on Saudi heritage and history.,Dammam,Above 12,70 SAR per person,8/10/2023,8/20/2023,6:00 AM to 7:00 PM
Al-Jouf Heritage Festival,Celebrates the heritage and culture of Al-Jouf region through events and performances.,Al-Jouf,All,50 SAR per person,10/1/2023,10/10/2023,5:00 AM to 7:00 PM
Poetry and Literature Festival,Features poetry readings and literary discussions with local and international authors.,Jeddah,Adults,90 SAR per person,11/15/2022,11/20/2022,6:00 AM to 8:00 PM
Traditional Cuisine Festival,Showcases traditional Saudi dishes and culinary practices.,Riyadh,All,30 SAR per person,9/15/2023,9/22/2023,5:30 AM to 7:30 PM
Artistic Expressions Festival,Celebrates art,Dammam,All,90 SAR per person,6/1/2023,6/10/2023,7:00 AM to 9:00 PM
Riyadh Fashion Week,Showcases local and international fashion designers.,Riyadh,Adults,30 SAR per person,3/20/2023,3/25/2023,6:30 AM to 8:30 PM
Winter at Tantora Festival,A winter festival featuring concerts,Al-Ula,Adults,70 SAR per person,12/15/2022,1/7/2023,5:00 AM to 6:00 PM
Jeddah Art Week,A week dedicated to contemporary art,Jeddah,Above 15,20 SAR per person,4/1/2023,4/7/2023,6:00 AM to 7:00 PM
Festival of Heritage and Culture,Highlights Saudi heritage through various cultural activities and exhibitions.,Riyadh,Above 15,Free Pass,1/10/2023,1/15/2023,5:00 AM to 7:00 PM
Traditional Jewelry Exhibition,Showcases traditional jewelry and crafts from different regions of Saudi Arabia.,Qassim,All,150 SAR per person,11/15/2022,11/20/2022,6:00 AM to 8:00 PM
Eastern Province Cultural Festival,Celebrates the rich cultural heritage of the Eastern Province with various activities.,Dammam,All,30 SAR per person,10/5/2023,10/10/2023,5:30 AM to 7:30 PM
Arabian Horse Festival,A festival celebrating Arabian horse culture with competitions and exhibitions.,Riyadh,Above 12,60 SAR per person,11/10/2023,11/15/2023,7:00 AM to 9:00 PM
Book Fair at King Abdulaziz Center,A book fair promoting literature and reading among the community.,Dammam,Above 15,20 SAR per person,6/10/2023,6/15/2023,6:30 AM to 8:30 PM
Saudi Vision 2030 Cultural Festival,Celebrates Saudi Vision 2030 through various cultural activities and exhibitions.,Riyadh,Adults,50 SAR per person,9/10/2023,9/15/2023,5:00 AM to 6:00 PM
LEARN 2024,Educational event focusing on lifelong learning and AI applications in education.,Riyadh,Above 15,70 SAR per person,10/6/2024,10/7/2024,6:00 AM to 7:00 PM
Azimuth Festival 2023,Music show,Al-Ula,Adults,70 SAR per person,9/22/2023,9/24/2023,5:00 AM to 7:00 PM
Ancient Kingdoms Festival,Celebrates ancient civilizations of AlUla,Al-Ula,All,50 SAR per person,11/11/2023,11/27/2023,6:00 AM to 8:00 PM
Riyadh Season Opening,Major entertainment event with concerts,Riyadh,Adults,40 SAR per person,10/28/2023,2/20/2024,5:30 AM to 7:30 PM
AlUla Wellness Festival,Wellness activities,Al-Ula,Above 15,50 SAR per person,12/1/2023,12/21/2023,7:00 AM to 9:00 PM
Jeddah Book Fair,Annual book fair showcasing international and local authors.,Jeddah,Above 12,50 SAR per person,12/1/2023,12/10/2023,6:30 AM to 8:30 PM
Janadriyah Festival,National heritage festival celebrating Saudi culture and traditions.,Riyadh,All,20 SAR per person,11/2/2023,11/17/2023,5:00 AM to 6:00 PM
Misk Global Forum,Annual global event empowering youth through discussions on innovation and technology.,Riyadh,Above 12,20 SAR per person,11/10/2023,11/12/2023,6:00 AM to 7:00 PM
AlUla Balloon Festival,Hot air balloon festival featuring vibrant balloons flying over the ancient landscapes.,Al-Ula,Above 12,30 SAR per person,1/15/2024,1/30/2024,5:00 AM to 7:00 PM
Winter at Tantora,Annual festival featuring music performances,Al-Ula,Adults,30 SAR per person,12/21/2023,1/7/2024,6:00 AM to 8:00 PM
Diriyah Contemporary Art Biennale,Showcase of contemporary art,Diriyah,Above 15,Free Pass,11/11/2023,2/7/2024,5:30 AM to 7:30 PM
Saudi International Film Festival,Film screenings from both local and international filmmakers,Riyadh,Above 12,20 SAR per person,3/1/2024,3/7/2024,7:00 AM to 9:00 PM
Sharqiah Season,Cultural and entertainment event showcasing Saudi heritage in the Eastern Province.,Dammam,Above 15,30 SAR per person,4/5/2024,4/20/2024,6:30 AM to 8:30 PM
Taif Rose Festival,Celebration of Taif’s famous rose blooms,Taif,Above 15,90 SAR per person,4/1/2024,4/10/2024,5:00 AM to 6:00 PM
Hayy Jameel Festival,Art and culture festival at the Hayy Jameel art complex.,Jeddah,Above 12,20 SAR per person,12/15/2023,1/5/2024,6:00 AM to 7:00 PM
Saudi Green Initiative,An environmental event as part of Vision 2030’s sustainability efforts.,Riyadh,All,150 SAR per person,11/4/2023,11/6/2023,5:00 AM to 7:00 PM
Red Sea Jazz Festival,International jazz musicians perform in Jeddah,Jeddah,Above 12,150 SAR per person,10/10/2023,10/14/2023,6:00 AM to 8:00 PM
Saudi Cup (Horse Racing),The world’s richest horse race,Riyadh,Above 12,50 SAR per person,2/24/2024,2/25/2024,5:30 AM to 7:30 PM
Najran Summer Festival,Summer festival showcasing traditional Najrani crafts,Najran,All,50 SAR per person,7/5/2023,7/20/2023,7:00 AM to 9:00 PM
Taif Souk Okaz,Historic market event,Taif,All,40 SAR per person,8/1/2023,8/15/2023,6:30 AM to 8:30 PM
Buraidah Date Festival,Date festival showcasing the region’s date harvest and products.,Qassim,Adults,150 SAR per person,8/5/2023,8/20/2023,5:00 AM to 6:00 PM
Dammam Film Festival,A regional film festival promoting new talent and local filmmakers.,Dammam,Above 15,60 SAR per person,9/14/2023,9/20/2023,6:00 AM to 7:00 PM
National Day Parade,National parade celebrating Saudi Arabia’s unity and history.,Riyadh,Adults,Free Pass,9/23/2024,9/23/2024,5:00 AM to 7:00 PM
King Abdulaziz Camel Festival,A camel racing and beauty contest,Riyadh,Adults,50 SAR per person,12/1/2023,1/15/2024,6:00 AM to 8:00 PM
Riyadh Fashion Week,International fashion designers and Saudi talent showcasing the latest trends.,Riyadh,Above 12,Free Pass,10/10/2024,10/12/2024,5:30 AM to 7:30 PM
Al-Qunfudhah Heritage Festival,A festival celebrating the traditional heritage and crafts of the southwestern coastal city.,Al-Qunfudhah,Adults,50 SAR per person,1/5/2024,1/15/2024,7:00 AM to 9:00 PM
Abha Summer Festival,Celebrates the cool summer climate in the Asir region with performances and local art.,Abha,Adults,10 SAR per person,7/1/2023,8/15/2023,6:30 AM to 8:30 PM
Wadi Al-Dawasir Poetry Festival,Traditional poetry performances reflecting the culture of the Najd region.,Wadi Al-Dawasir,Above 12,70 SAR per person,3/10/2024,3/12/2024,5:00 AM to 6:00 PM
Hafr Al-Batin Cultural Festival,A cultural festival promoting local crafts,Hafr Al-Batin,Above 15,10 SAR per person,9/20/2024,9/30/2024,6:00 AM to 7:00 PM
Tabuk Roses Festival,Celebration of the rose blooms unique to the Tabuk region,Tabuk,Above 12,30 SAR per person,4/15/2024,4/20/2024,5:00 AM to 7:00 PM
Hail Desert Festival,Highlights the cultural and adventurous spirit of the desert city of Hail.,Hail,All,50 SAR per person,1/10/2024,1/25/2024,6:00 AM to 8:00 PM
Al Bahah Mountain Festival,A celebration of Al Bahah’s mountains,Al Bahah,Adults,40 SAR per person,8/1/2023,8/10/2023,5:30 AM to 7:30 PM
Bisha Traditional Dance Festival,Focuses on traditional dance and music from the Bisha region.,Bisha,Adults,20 SAR per person,3/1/2024,3/10/2024,7:00 AM to 9:00 PM
Al-Lith Seafaring Heritage,Celebrates the maritime traditions of the Red Sea coast town.,Al-Lith,Above 15,20 SAR per person,5/5/2023,5/15/2023,6:30 AM to 8:30 PM
Turaif Cultural Days,Explores the history and heritage of one of Saudi Arabia’s oldest towns,Turaif,Above 15,40 SAR per person,12/10/2023,12/20/2023,5:00 AM to 6:00 PM
Arar Cultural Festival,Features poetry,Arar,Above 12,10 SAR per person,2/15/2024,2/25/2024,6:00 AM to 7:00 PM
Dawadmi Historical Festival,A week-long event that focuses on the historical significance of Dawadmi.,Dawadmi,Above 12,Free Pass,11/1/2023,11/7/2023,5:00 AM to 7:00 PM
Khafji Sea Festival,Celebrating the maritime culture of Khafji on the northeastern coast.,Khafji,Above 15,40 SAR per person,4/20/2024,4/25/2024,6:00 AM to 8:00 PM
Afif Cultural Heritage Festival,An annual event focusing on the traditional crafts and Bedouin culture of Afif.,Afif,Above 12,30 SAR per person,9/1/2023,9/10/2023,5:30 AM to 7:30 PM
Al-Jouf Olive Festival,Celebrating the olive harvest in Al-Jouf,Sakaka,Above 15,30 SAR per person,2/1/2024,2/15/2024,7:00 AM to 9:00 PM
Tathleeth Desert Art Festival,Highlights desert-inspired artwork and traditional crafts from the region.,Tathleeth,Above 12,120 SAR per person,3/5/2024,3/15/2024,6:30 AM to 8:30 PM
Dumat Al-Jandal Heritage Days,A cultural event showcasing the ancient ruins and traditions of this northern oasis town.,Dumat Al-Jandal,Above 12,120 SAR per person,10/10/2024,10/20/2024,5:00 AM to 6:00 PM
Al-Nairyah Camel Festival,Focuses on camel racing and Bedouin traditions from the Eastern Province.,Al-Nairyah,All,120 SAR per person,11/1/2023,11/15/2023,6:00 AM to 7:00 PM
Al-Khobar Sea Cultural Festival,Celebrates the sea culture and history of Al-Khobar,Al-Khobar,Above 15,150 SAR per person,3/15/2024,3/20/2024,5:00 AM to 7:00 PM
Tanomah Arts Festival,A summer event celebrating the arts,Tanomah,Adults,Free Pass,7/25/2024,8/10/2024,6:00 AM to 8:00 PM
Tarut Island Festival,Features traditional performances and showcases the island’s rich history.,Tarut Island,Above 15,40 SAR per person,11/10/2023,11/20/2023,5:30 AM to 7:30 PM
Hafar Al-Batin Heritage Fair,A regional heritage fair celebrating local crafts and culture.,Hafar Al-Batin,Above 12,70 SAR per person,1/5/2024,1/15/2024,7:00 AM to 9:00 PM
Najran Palm Festival,Celebrates the importance of palm trees and dates in the southern region’s culture.,Najran,All,30 SAR per person,3/10/2024,3/20/2024,6:30 AM to 8:30 PM
Al-Mubarraz Cultural Forum,A forum bringing together local artists and cultural performers from the Al-Ahsa region.,Al-Mubarraz,Above 15,Free Pass,12/1/2023,12/10/2023,5:00 AM to 6:00 PM
Khulays Folk Music Festival,Traditional folk music festival celebrating the musical heritage of the Khulays region.,Khulays,Above 12,70 SAR per person,4/10/2024,4/20/2024,6:00 AM to 7:00 PM
Badr Al-Janoub Heritage Days,Heritage event focused on the history and traditions of the Badr Al-Janoub region.,Badr Al-Janoub,Above 15,90 SAR per person,9/15/2023,9/25/2023,5:00 AM to 7:00 PM
Al-Kharj Poetry Festival,Poetry performances celebrating the literary traditions of the Najd region.,Al-Kharj,Adults,70 SAR per person,11/20/2023,11/30/2023,6:00 AM to 8:00 PM
Mahayel Asir Festival,A festival celebrating local crafts,Mahayel Asir,All,10 SAR per person,12/15/2023,12/25/2023,5:30 AM to 7:30 PM
Al-Hasa Oasis Festival,A celebration of the cultural and agricultural significance of Al-Hasa Oasis.,Al-Ahsa,All,50 SAR per person,2/1/2024,2/10/2024,7:00 AM to 9:00 PM
Turubah Camel Fair,Camel races and exhibitions showcasing Bedouin culture.,Turubah,Above 15,50 SAR per person,3/15/2024,3/25/2024,6:30 AM to 8:30 PM
Train Whistle Play,A children's play highlighting a magical train adventure in Prince Sultan Cultural Cente.,Ar-Rass,Above 12,120 SAR per person,11/4/2022,11/6/2022,5:00 AM to 6:00 PM
Sala 4 Play,A comedic play about life's unexpected events.Al-Rayyan Theater, Riyadh,All,30 SAR per person,9/16/2022,9/16/2022,6:00 AM to 7:00 PM
Princess of Ashes Play,A comedy revolving around the misadventures of a princess.Blue Hall, Riyadh,Above 12,60 SAR per person,5/6/2022,5/6/2022,5:00 AM to 7:00 PM
Tales Cave Play,A children's play filled with storytelling and wonder.Al-Rayyan Theater, Riyadh,All,70 SAR per person,2/10/2022,2/10/2022,6:00 AM to 8:00 PM
Rooftop Play,A children's play focusing on rooftop adventures.Al-Rayyan Theater, Riyadh,Above 12,70 SAR per person,1/28/2022,1/28/2022,5:30 AM to 7:30 PM
Guardians of the Fields Play,A children's play about protecting the environment.Eastern Region Theater,Dammam,Above 15,Free Pass,1/5/2022,1/5/2022,7:00 AM to 9:00 PM
Lubna Play,A children's play focusing on the character Lubna and her adventures.Cultural Center Theater, Medina,Above 15,Free Pass,5/5/2022,5/5/2022,6:30 AM to 8:30 PM
Repertoire Play,A comedic play filled with various performances.Kingdom Schools Theater, Riyadh,Above 12,30 SAR per person,3/27/2022,3/27/2022,5:00 AM to 6:00 PM
Qais and Layla Play,A comedic rendition of the classical story of Qais and Layla.Blue Hall, Riyadh,Above 15,30 SAR per person,8/26/2022,8/26/2022,6:00 AM to 7:00 PM
Polish Performance,A performance showcasing Polish arts.Cultural Palace, Riyadh,Above 15,30 SAR per person,9/1/2022,9/1/2022,5:00 AM to 7:00 PM
Flamenco Nights by Flamenco Projects,"A performance by the Spanish flamenco group ""Flamenco Projects.""Cultural Palace",Riyadh,All,Free Pass,2/16/2022,2/16/2022,6:00 AM to 8:00 PM
Qimam Festival of Mountain Performing Arts,A festival celebrating mountain performing arts.Various Villages, Asir,Adults,40 SAR per person,1/9/2022,1/9/2022,5:30 AM to 7:30 PM
Comedy Café Performances,A stand-up comedy event held at Safa Club.Safa Club Theater, Al-Qatif,Adults,50 SAR per person,11/10/2022,11/10/2022,7:00 AM to 9:00 PM
Comedy Pod Performances,A stand-up comedy event featuring various performers.Mohamed Al-Ali Theater,Riyadh,All,20 SAR per person,1/5/2023,1/5/2023,6:30 AM to 8:30 PM
Our Odes Play,A musical play that celebrates Arab heritage and poetry.Princess Noura University Theater,Riyadh,All,70 SAR per person,2/22/2023,2/22/2023,5:00 AM to 6:00 PM
Cat and Bird Play,A children's play about the friendship between a cat and a bird.King Faisal Sports City Theater, Jazan,Above 15,30 SAR per person,3/8/2023,3/8/2023,6:00 AM to 7:00 PM
The Bride Play,A street theater performance focusing on the theme of weddings.Biban Forum Venue,Riyadh,Above 12,50 SAR per person,3/9/2023,3/9/2023,5:00 AM to 7:00 PM
The Bride Play,A repeat of the above street theater performance.Olive Festival Venue, Al-Jouf,Above 15,90 SAR per person,3/16/2023,3/16/2023,6:00 AM to 8:00 PM
The Stranger and the Captain Play,A tragedy that revolves around an unexpected encounter between a stranger and a captain.Princess Noura University Theater,Riyadh,Adults,150 SAR per person,3/27/2023,3/27/2023,5:30 AM to 7:30 PM
Extras Play,A monodrama exploring the experiences of extras in theatrical performances.Culture and Arts Association Theater,Riyadh,Above 12,Free Pass,6/2/2023,6/2/2023,7:00 AM to 9:00 PM
The Lost Bucket Play,A comedic play about a misplaced bucket that causes chaos.Arabian Society for Culture and Arts Theater,Dammam,Above 15,120 SAR per person,6/7/2023,6/7/2023,6:30 AM to 8:30 PM
Tangled Play,A tragedy that delves into the complications of tangled relationships.Fahd Al-Harithi Theater, Taif,All,50 SAR per person,7/23/2023,7/23/2023,5:00 AM to 6:00 PM
The Ninth Floor Play,A children's play about magical events on the ninth floor of a mysterious building.Applied University Schools Theater,Riyadh,Above 12,50 SAR per person,9/8/2023,9/8/2023,6:00 AM to 7:00 PM
The Ninth Floor Play,A repeat of the magical children's play.Saleh Bin Saleh Cultural Center,Qassim,Above 12,20 SAR per person,10/5/2023,10/5/2023,5:00 AM to 7:00 PM
Argentine Performances,Argentine theater and performing arts displays.Princess Noura University Theater,Riyadh,Adults,150 SAR per person,10/3/2023,10/3/2023,6:00 AM to 8:00 PM
Ink and Gold Play,A street theater play that showcases the relationship between words and wealth.Prince Majed Park Theater, Jeddah,Above 15,Free Pass,10/25/2023,10/25/2023,5:30 AM to 7:30 PM
Nahham Festival,A festival featuring performances of traditional sea chanties and other maritime arts.Eastern Region Waterfront, Dammam,Adults,40 SAR per person,10/27/2023,10/27/2023,7:00 AM to 9:00 PM
Danna Yanham Play,A musical play that celebrates the maritime heritage of the Eastern Province.Eastern Region Waterfront, Dammam,All,40 SAR per person,10/27/2023,10/27/2023,6:30 AM to 8:30 PM
The Last Shadow Play,A dramatic performance revolving around the theme of shadows and identity.King Saud University Theater,Riyadh,All,120 SAR per person,10/11/2023,10/11/2023,5:00 AM to 6:00 PM
The Stone Play,A dramatic performance that symbolizes resilience and strength.King Saud University Theater,Riyadh,All,30 SAR per person,10/19/2023,10/19/2023,6:00 AM to 7:00 PM
Hidden Inscriptions Play,A play exploring hidden meanings within ancient inscriptions.King Saud University Theater,Riyadh,Adults,10 SAR per person,10/29/2023,10/29/2023,5:00 AM to 7:00 PM
Rhythm of Time and Reality Play,A play exploring the concept of time and how it affects reality.Al-Tarbiyah Numoothajiyah Schools Theater,Riyadh,Above 12,20 SAR per person,10/21/2023,10/21/2023,6:00 AM to 8:00 PM
The Archive Play,A theatrical exploration of historical documents and their impact.Al-Tarbiyah Numoothajiyah Schools Theater,Riyadh,Above 15,120 SAR per person,10/30/2023,10/30/2023,5:30 AM to 7:30 PM
Light Play,A performance that uses light as a metaphor for knowledge and truth.Fahd Al-Harithi Theater,Taif,All,70 SAR per person,10/12/2023,10/12/2023,7:00 AM to 9:00 PM
Set El Rooh Play,A dramatic play that focuses on spiritual and emotional connections.Batterjee College Theater,Jeddah,Above 12,20 SAR per person,10/13/2023,10/13/2023,6:30 AM to 8:30 PM
Silence’s Trumpet Play,A play examining the contrasts between silence and sound.Batterjee College Theater,Jeddah,Above 12,150 SAR per person,10/22/2023,10/22/2023,5:00 AM to 6:00 PM
Closed Circle Play,A dramatic play about cyclical events in life.Jeddah International College Theater,Jeddah,All,30 SAR per person,10/14/2023,10/14/2023,6:00 AM to 7:00 PM
Relationships Play,A play exploring various types of relationships and their complexities.Jeddah International College Theater,Jeddah,Adults,50 SAR per person,10/23/2023,10/23/2023,5:00 AM to 7:00 PM
Hunger Play,A dramatic play exploring the effects of poverty and hunger on society.Jeddah International College Theater,Jeddah,Above 12,50 SAR per person,10/23/2023,10/23/2023,6:00 AM to 8:00 PM
Sea Tales Play,A children's play centered on marine adventures and the wonders of the ocean.Al-Andalus Theater,Jeddah,Above 12,50 SAR per person,10/1/2023,10/1/2023,5:30 AM to 7:30 PM
Family Bonds Play,A drama exploring the importance of family relationships.Al-Andalus Theater, Jeddah,All,20 SAR per person,10/14/2023,10/14/2023,7:00 AM to 9:00 PM
Lost World Play,A children's play focusing on the adventures in a mystical lost world.Blue Hall,Riyadh,All,40 SAR per person,9/29/2023,9/29/2023,6:30 AM to 8:30 PM
Thirst for Knowledge Play,A play about the pursuit of knowledge and wisdom.Al-Rayyan Theater,Riyadh,All,150 SAR per person,10/3/2023,10/3/2023,5:00 AM to 6:00 PM
The Fisherman Play,A children's play about the life of a fisherman and his struggles.Safa Club Theater,Al-Qatif,Adults,30 SAR per person,9/16/2023,9/16/2023,6:00 AM to 7:00 PM
Soul's Journey Play,A spiritual drama exploring the metaphysical journey of the soul.Fahd Al-Harithi Theater, Taif,Above 12,30 SAR per person,10/8/2023,10/8/2023,5:00 AM to 7:00 PM
Echoes of Time Play,A dramatic play dealing with historical and futuristic themes.Princess Noura University Theater, Riyadh,Above 15,30 SAR per person,9/22/2023,9/22/2023,6:00 AM to 8:00 PM
Desert Dance Play,A performance that showcases traditional dance from Saudi Arabia’s desert regions.Eastern Region Theater,Dammam,Above 12,120 SAR per person,10/16/2023,10/16/2023,5:30 AM to 7:30 PM
Traditional Songs Festival,A festival celebrating traditional Saudi songs and performances.Cultural Palace, Riyadh,All,30 SAR per person,10/4/2023,10/4/2023,7:00 AM to 9:00 PM
Theater of Silence,A dramatic play centered around the theme of silence and its impact on communication.Al-Andalus Theater,Jeddah,Above 12,70 SAR per person,10/16/2023,10/16/2023,6:30 AM to 8:30 PM
The Whispering Sands,A performance portraying the stories of the desert through dance and theatrical elements.Blue Hall, Riyadh,All,30 SAR per person,10/22/2023,10/22/2023,5:00 AM to 6:00 PM
Dance of the Mountains,A traditional dance show celebrating the rich cultural heritage of the mountainous regions.Assir Cultural Village, Abha,Above 15,50 SAR per person,9/30/2023,9/30/2023,6:00 AM to 7:00 PM
Arabian Night Tales,A children's play retelling classic Arabian tales with a modern twist.Cultural Center, Jazan,Above 12,150 SAR per person,10/4/2023,10/4/2023,5:00 AM to 7:00 PM
Northern Lights Show,A performance highlighting the unique cultural traditions of Saudi Arabia's northern region., Arar,All,20 SAR per person,9/25/2023,9/25/2023,6:00 AM to 8:00 PM
The King's Legacy,A historical drama focusing on the legacy of the Saudi royal family.Cultural Palace, Riyadh,Above 12,Free Pass,10/10/2023,10/10/2023,5:30 AM to 7:30 PM
The Brave Prince,A children's play following the adventures of a brave prince and his journey to self-discovery.Blue Hall, Riyadh,Above 15,20 SAR per person,9/28/2023,9/28/2023,7:00 AM to 9:00 PM
Riyadh Fashion Expo,A major exhibition highlighting emerging Saudi fashion designers,Riyadh,Above 12,10 SAR per person,4/17/2023,4/19/2023,6:30 AM to 8:30 PM
Jeddah Film Symposium,An international symposium organized by the Film Commission,Jeddah,Adults,20 SAR per person,6/3/2024,6/5/2024,5:00 AM to 6:00 PM
Al-Ahsa Culinary Festival,A festival celebrating traditional and contemporary Saudi cuisine,Al-Ahsa,Above 12,40 SAR per person,11/10/2023,11/12/2023,6:00 AM to 7:00 PM
Saudi Music Showcase,An event featuring performances by prominent and emerging Saudi musicians,Dammam,Adults,30 SAR per person,12/2/2023,12/2/2023,5:00 AM to 7:00 PM
Visual Arts Masterclass,A week-long masterclass hosted by the Visual Arts Commission,Jeddah,Above 12,Free Pass,1/15/2023,1/19/2023,6:00 AM to 8:00 PM
Heritage Revival at Diriyah,A celebration of Diriyah’s cultural heritage,Diriyah,All,20 SAR per person,3/6/2024,3/7/2024,5:30 AM to 7:30 PM
National Library Week,A nationwide celebration promoting reading and public libraries,Riyadh,Above 15,40 SAR per person,4/9/2023,4/13/2023,7:00 AM to 9:00 PM
Saudi Architecture Conference,A gathering of architects to discuss sustainable designs for Saudi urban landscapes.,Jeddah,Adults,30 SAR per person,5/2/2023,5/3/2023,6:30 AM to 8:30 PM
Theatre and Performing Arts Festival,A festival showcasing local and international performances,Riyadh,All,30 SAR per person,2/15/2024,2/17/2024,5:00 AM to 6:00 PM
Traditional Literature Symposium,A discussion of traditional Saudi literature and oral storytelling traditions.,Abha,Above 15,Free Pass,6/2/2024,6/4/2024,6:00 AM to 7:00 PM
Saudi Design Week,A week-long event celebrating Saudi architecture and design innovation.,Riyadh,Adults,70 SAR per person,7/1/2024,7/6/2024,5:00 AM to 7:00 PM
Culinary Arts Heritage Festival,An exhibition of traditional Saudi dishes and food innovation trends.,Jeddah,All,70 SAR per person,11/7/2024,11/10/2024,6:00 AM to 8:00 PM
Al-Jouf Music Festival,A regional music event celebrating traditional and modern Saudi music.,Al-Jouf,All,150 SAR per person,10/21/2023,10/22/2023,5:30 AM to 7:30 PM
International Literary Forum,A global forum on literature,Riyadh,All,60 SAR per person,9/6/2023,9/8/2023,7:00 AM to 9:00 PM
Saudi Cultural Exchange Exhibition,An art exhibition promoting cultural exchange through visual arts,Dammam,All,Free Pass,8/14/2023,8/16/2023,6:30 AM to 8:30 PM
Saudi Film Awards,An award ceremony recognizing outstanding Saudi filmmakers and productions.,Riyadh,All,50 SAR per person,11/16/2023,11/16/2023,5:00 AM to 6:00 PM
Traditional Music Festival,A celebration of traditional Saudi music,Tabuk,All,10 SAR per person,10/15/2023,10/17/2023,6:00 AM to 7:00 PM
Al-Ahsa Heritage Craft Week,A week-long event showcasing traditional handicrafts from the Al-Ahsa region.,Al-Ahsa,All,10 SAR per person,12/18/2023,12/24/2023,5:00 AM to 7:00 PM
Riyadh Literary Fair,An annual fair organized by the Literature Commission,Riyadh,All,Free Pass,3/8/2024,3/10/2024,6:00 AM to 8:00 PM
Culinary Arts Competition,A culinary competition highlighting traditional Saudi dishes and innovative recipes.,Makkah,Above 12,120 SAR per person,4/22/2023,4/22/2023,5:30 AM to 7:30 PM
Saudi Theatre Week,A showcase of contemporary Saudi theatre performances,Riyadh,Above 15,Free Pass,5/20/2024,5/24/2024,7:00 AM to 9:00 PM
Saudi Translation Awards,A recognition event for excellence in literary and academic translation.,Jeddah,Above 15,70 SAR per person,6/6/2024,6/6/2024,6:30 AM to 8:30 PM
Saudi Fashion Futures,A fashion exhibition presenting future trends in Saudi fashion design.,Riyadh,Above 15,50 SAR per person,1/9/2024,1/11/2024,5:00 AM to 6:00 PM
Music in the Desert Festival,A musical event blending traditional Saudi instruments with modern genres,Riyadh,Above 12,50 SAR per person,3/21/2024,3/23/2024,6:00 AM to 7:00 PM
Visual Arts Residency,An art residency for young Saudi artists to explore contemporary practices.,Riyadh,Above 15,120 SAR per person,5/6/2024,7/7/2024,5:00 AM to 7:00 PM
National Poetry Festival,A festival celebrating Saudi poetry,Riyadh,Adults,120 SAR per person,10/13/2023,10/15/2023,6:00 AM to 8:00 PM
Film Commission International Summit,A summit for international filmmakers to collaborate with Saudi talent,Dammam,Above 15,30 SAR per person,11/7/2024,11/9/2024,5:30 AM to 7:30 PM
Traditional Artisans Fair,A fair celebrating traditional Saudi crafts and artisans.,Makkah,All,20 SAR per person,9/15/2024,9/18/2024,7:00 AM to 9:00 PM
Riyadh Literary Lecture Series,A series of lectures featuring discussions with leading Saudi authors.,Riyadh,Above 15,50 SAR per person,8/8/2023,8/10/2023,6:30 AM to 8:30 PM
Culinary Arts Innovation Showcase,A showcase of culinary innovation featuring modern takes on traditional Saudi dishes.,Jeddah,Above 15,50 SAR per person,11/15/2024,11/16/2024,5:00 AM to 6:00 PM
Saudi Youth Arts Exhibition,An exhibition showcasing works by emerging Saudi artists.,Dammam,Adults,60 SAR per person,12/10/2024,12/12/2024,6:00 AM to 7:00 PM
Saudi Heritage Restoration Project,A national project focused on restoring and preserving Saudi heritage sites.,Al-Ula,Adults,70 SAR per person,5/20/2024,5/23/2024,5:00 AM to 7:00 PM
Saudi Documentary Festival,A festival featuring documentary films on Saudi culture and history.,Riyadh,All,70 SAR per person,9/1/2024,9/3/2024,6:00 AM to 8:00 PM
National Day Art Contest,An art competition celebrating Saudi National Day,Riyadh,Above 12,10 SAR per person,9/22/2024,9/22/2024,5:30 AM to 7:30 PM
Saudi Cultural Bridges Symposium,A symposium promoting cultural exchange and diplomacy through art.,Riyadh,All,60 SAR per person,3/16/2023,3/18/2023,7:00 AM to 9:00 PM
Riyadh Architecture Biennale,A biennale highlighting innovative architecture and urban design from Saudi Arabia and beyond.,Riyadh,All,30 SAR per person,6/19/2024,6/21/2024,6:30 AM to 8:30 PM
Eastern Province Film Week,A film week showcasing independent Saudi films from the Eastern Province.,Dammam,Adults,150 SAR per person,2/5/2024,2/8/2024,5:00 AM to 6:00 PM
Traditional Poetry Recitation Event,An event celebrating the art of traditional Saudi poetry recitation.,Jazan,Above 12,40 SAR per person,11/3/2023,11/5/2023,6:00 AM to 7:00 PM
Culinary Heritage Exhibition,An exhibition showcasing the culinary history of Saudi Arabia,Riyadh,Adults,20 SAR per person,4/22/2024,4/25/2024,5:00 AM to 7:00 PM
Saudi Public Libraries Day,A nationwide celebration of public libraries and reading culture in Saudi Arabia.,Riyadh,Above 15,Free Pass,6/14/2024,6/14/2024,6:00 AM to 8:00 PM
Saudi Cultural Heritage Week,A week-long celebration of Saudi cultural heritage,Taif,Above 12,30 SAR per person,5/14/2024,5/20/2024,5:30 AM to 7:30 PM
Saudi Science and Innovation Expo,A national exhibition showcasing scientific innovations and breakthroughs in Saudi Arabia.,Riyadh,Above 15,20 SAR per person,2/4/2024,2/6/2024,7:00 AM to 9:00 PM
Al-Qassim Artisanal Crafts Festival,A traditional crafts festival promoting local artisans and their handmade creations.,Qassim,Adults,30 SAR per person,3/7/2024,3/9/2024,6:30 AM to 8:30 PM
Saudi Digital Arts Festival,A festival showcasing digital art forms and multimedia installations by Saudi artists.,Jeddah,Adults,30 SAR per person,11/6/2023,11/10/2023,5:00 AM to 6:00 PM
Traditional Wedding Ceremony Expo,A cultural exhibition focusing on traditional Saudi wedding customs and celebrations.,Makkah,Above 15,10 SAR per person,1/18/2024,1/20/2024,6:00 AM to 7:00 PM
Saudi Photography Symposium,A symposium for photographers,Riyadh,Adults,30 SAR per person,4/5/2024,4/7/2024,5:00 AM to 7:00 PM
Music and Arts in AlUla,A cultural event celebrating Saudi traditional music and art in the historic region of AlUla.,Al-Ula,All,Free Pass,10/18/2023,10/20/2023,6:00 AM to 8:00 PM
National Cultural Awards,An award ceremony recognizing achievements in Saudi cultural arts,Riyadh,Adults,70 SAR per person,3/11/2024,3/11/2024,5:30 AM to 7:30 PM
Eastern Province Crafts Week,A week-long celebration of artisanal crafts from the Eastern Province,Dammam,Above 12,10 SAR per person,2/20/2024,2/26/2024,7:00 AM to 9:00 PM
Saudi Contemporary Art Fair,A fair presenting contemporary Saudi art,Jeddah,Above 12,70 SAR per person,6/6/2024,6/8/2024,6:30 AM to 8:30 PM
Taif Rose Festival,A celebration of the iconic Taif roses and related products,Taif,Adults,20 SAR per person,5/1/2023,5/4/2023,5:00 AM to 6:00 PM
Saudi Storytelling Festival,A cultural event highlighting traditional Saudi storytelling and oral heritage.,Riyadh,All,70 SAR per person,12/20/2023,12/22/2023,6:00 AM to 7:00 PM
Al-Khobar Art Symposium,An artistic symposium where Saudi artists discuss contemporary and traditional art.,Al-Khobar,Adults,30 SAR per person,9/8/2024,9/10/2024,5:00 AM to 7:00 PM
Culinary Arts Gala,A culinary arts gala showcasing top Saudi chefs and modern takes on traditional cuisine.,Riyadh,Adults,50 SAR per person,3/23/2024,3/23/2024,6:00 AM to 8:00 PM
Saudi Cultural Heritage Preservation Week,A week dedicated to preserving Saudi cultural heritage through hands-on workshops and exhibits.,Al-Ula,Adults,30 SAR per person,6/17/2024,6/21/2024,5:30 AM to 7:30 PM
Saudi Children's Literature Festival,A festival promoting Saudi children's literature and the art of storytelling.,Riyadh,Adults,50 SAR per person,8/14/2024,8/16/2024,7:00 AM to 9:00 PM
Traditional Handicrafts Exhibition,An exhibition focusing on traditional Saudi handicrafts and cultural artifacts.,Jeddah,Above 12,60 SAR per person,3/24/2024,3/26/2024,6:30 AM to 8:30 PM
National Cultural Dialogue Series,A discussion series fostering cultural understanding and dialogue on Saudi traditions.,Riyadh,Adults,120 SAR per person,2/8/2024,2/8/2024,5:00 AM to 6:00 PM
Saudi Film Documentary Series,A documentary series focusing on Saudi Arabia’s cultural history and modern developments.,Dammam,Above 12,Free Pass,4/13/2024,4/14/2024,6:00 AM to 7:00 PM
Saudi Fashion Innovators Showcase,A showcase of innovative and sustainable fashion by Saudi designers.,Riyadh,Adults,20 SAR per person,10/25/2024,10/27/2024,5:00 AM to 7:00 PM
National Heritage Forum,A forum dedicated to the preservation of national heritage and culture.,Abha,All,20 SAR per person,9/3/2024,9/4/2024,6:00 AM to 8:00 PM
Saudi Musical Heritage Festival,A festival celebrating traditional Saudi music and instruments from various regions.,Tabuk,All,70 SAR per person,7/15/2024,7/17/2024,5:30 AM to 7:30 PM
Al-Jouf Regional Art Expo,A regional expo featuring contemporary art pieces from Saudi artists across Al-Jouf.,Al-Jouf,Above 12,50 SAR per person,12/7/2023,12/9/2023,7:00 AM to 9:00 PM
Saudi Music in Nature,An event combining traditional Saudi music with nature experiences in Al-Ahsa’s scenic landscapes.,Al-Ahsa,Adults,30 SAR per person,4/19/2024,4/21/2024,6:30 AM to 8:30 PM
Saudi Heritage and Conservation Summit,A summit focusing on heritage preservation and conservation projects in Saudi Arabia.,Riyadh,Above 12,90 SAR per person,11/18/2024,11/20/2024,5:00 AM to 6:00 PM
National Poetry and Music Celebration,A celebration of poetry and music,Jeddah,Above 15,10 SAR per person,3/22/2024,3/24/2024,6:00 AM to 7:00 PM
Al-Ula Ancient Crafts Fair,A crafts fair showcasing ancient techniques in pottery,Al-Ula,Adults,50 SAR per person,4/3/2024,4/5/2024,5:00 AM to 7:00 PM
Saudi Visual Storytelling Expo,An exhibition highlighting visual storytelling through photography,Jeddah,Above 15,90 SAR per person,6/4/2024,6/6/2024,6:00 AM to 8:00 PM
Saudi Nature Photography Week,A photography week dedicated to capturing the natural beauty of Saudi Arabia.,Riyadh,Adults,30 SAR per person,5/12/2024,5/16/2024,5:30 AM to 7:30 PM
Eastern Province Youth Arts Festival,A festival showcasing artistic talent from the youth in the Eastern Province.,Dammam,All,50 SAR per person,12/14/2024,12/16/2024,7:00 AM to 9:00 PM
Saudi Fashion and Heritage Gala,A gala celebrating the fusion of fashion and heritage in Saudi design and style.,Makkah,Above 12,Free Pass,11/8/2024,11/9/2024,6:30 AM to 8:30 PM
Al-Qassim Poetry Slam,A modern poetry slam event showcasing the best of Saudi poets in Al-Qassim.,Qassim,Above 12,40 SAR per person,7/11/2024,7/12/2024,5:00 AM to 6:00 PM
Saudi Digital Heritage Initiative,An initiative to digitize and preserve Saudi heritage through innovative digital technologies.,Dammam,All,120 SAR per person,8/12/2024,8/13/2024,6:00 AM to 7:00 PM
National Storytellers Week,A week celebrating traditional storytelling across Saudi Arabia,Riyadh,Adults,Free Pass,9/10/2024,9/16/2024,5:00 AM to 7:00 PM
Culinary Traditions of the Najd Region,A culinary event highlighting traditional dishes from the Najd region.,Riyadh,Above 15,50 SAR per person,4/10/2024,4/12/2024,6:00 AM to 8:00 PM
Saudi Traditional Arts Competition,A competition celebrating traditional Saudi arts such as calligraphy,Makkah,Adults,20 SAR per person,10/6/2024,10/9/2024,5:30 AM to 7:30 PM
Saudi Architectural Heritage Conference,A conference focusing on preserving and promoting Saudi architectural heritage.,Riyadh,Adults,30 SAR per person,11/22/2024,11/24/2024,7:00 AM to 9:00 PM
Saudi Fashion and Culture Exhibition,An exhibition merging fashion and cultural heritage in contemporary designs.,Riyadh,Above 15,60 SAR per person,3/14/2024,3/16/2024,6:30 AM to 8:30 PM
Saudi Filmmakers Meet,A meet-up event for Saudi filmmakers to discuss projects and network.,Jeddah,Adults,30 SAR per person,10/28/2024,10/30/2024,5:00 AM to 6:00 PM
Saudi National Costume Celebration,A celebration of traditional Saudi costumes,Riyadh,All,10 SAR per person,12/21/2024,12/22/2024,6:00 AM to 7:00 PM
Saudi Youth Music Showcase,A music showcase for young Saudi talent,Riyadh,All,30 SAR per person,5/17/2024,5/19/2024,5:00 AM to 7:00 PM
Sadu Event,A cultural event celebrating the art of Sadu weaving.,Al Jouf,Above 12,70 SAR per person,7/29/2023,8/4/2023,6:00 AM to 8:00 PM
Saudi Film Festival,A festival celebrating Saudi and international cinema.King Abdulaziz Center,Dammam,Above 12,30 SAR per person,11/10/2023,11/15/2023,5:30 AM to 7:30 PM
Saudi Art Exhibition,An exhibition showcasing modern and contemporary Saudi art. King Fahad Cultural Center,Riyadh,All,90 SAR per person,1/15/2024,1/20/2024,7:00 AM to 9:00 PM
Traditional Music Festival,Live performances of traditional Saudi music from various regions.,Al Khobar,Above 12,10 SAR per person,10/15/2023,10/20/2023,6:30 AM to 8:30 PM
Culinary Arts Festival,A festival celebrating traditional Saudi cuisine and live cooking shows.Historic District,Jeddah,Above 15,50 SAR per person,3/5/2024,3/10/2024,5:00 AM to 6:00 PM
Fashion Week Saudi Arabia,A showcase of the latest fashion designs from Saudi designers and international guests. King Abdulaziz Center,Riyadh,Above 15,30 SAR per person,12/1/2023,12/5/2023,6:00 AM to 7:00 PM
Saudi Book Fair,A book fair featuring publishers from across the Arab world and internationally. Riyadh International Exhibition Center,Riyadh,All,70 SAR per person,10/4/2023,10/14/2023,5:00 AM to 7:00 PM
Arab Music Festival,A celebration of traditional Arab music with performances from renowned musicians.Red Sea Concert Hall,Jeddah,Above 12,50 SAR per person,1/20/2024,1/25/2024,6:00 AM to 8:00 PM
Heritage Festival,A cultural festival celebrating Saudi heritage with performances,Al Ula,Above 15,20 SAR per person,11/5/2023,11/10/2023,5:30 AM to 7:30 PM
Saudi Film Showcase,An outdoor film festival showcasing the best of Saudi cinema in a historical setting.Diriyah,Riyadh,Adults,Free Pass,3/15/2024,3/20/2024,7:00 AM to 9:00 PM
Arts and Crafts Exhibition,An exhibition featuring local Saudi artists and craftsmen displaying their works.,Tabuk,Adults,50 SAR per person,2/18/2024,2/22/2024,6:30 AM to 8:30 PM
Traditional Dance Festival,A festival showcasing traditional Saudi dances from different regions.,Najran,Above 15,40 SAR per person,4/7/2024,4/10/2024,5:00 AM to 6:00 PM
Contemporary Art Festival,A festival celebrating modern and contemporary art with installations and workshops.,Dammam,Adults,50 SAR per person,12/10/2023,12/15/2023,6:00 AM to 7:00 PM
Film Directors Workshop,A workshop for aspiring Saudi film directors led by international filmmakers.,Jeddah,Above 15,30 SAR per person,5/5/2024,5/10/2024,5:00 AM to 7:00 PM
Cultural Cuisine Festival,A festival celebrating traditional Saudi cuisine with live cooking demonstrations.,Jazan ,Above 12,40 SAR per person,2/5/2024,2/10/2024,6:00 AM to 8:00 PM
Fashion Week Saudi Arabia,A showcase of the latest fashion designs from Saudi designers and international guests.King Abdulaziz Center,Riyadh,Adults,30 SAR per person,12/1/2023,12/5/2023,5:30 AM to 7:30 PM
Saudi Book Fair,A book fair featuring publishers from across the Arab world and internationally.Riyadh International Exhibition Center,Riyadh,All,40 SAR per person,10/4/2023,10/14/2023,7:00 AM to 9:00 PM
Arab Music Festival,A celebration of traditional Arab music with performances from renowned musicians.Red Sea Concert Hall,Jeddah,Adults,70 SAR per person,1/20/2024,1/25/2024,6:30 AM to 8:30 PM
Heritage Festival,A cultural festival celebrating Saudi heritage with performances,Al Ula,Adults,30 SAR per person,11/5/2023,11/10/2023,5:00 AM to 6:00 PM
Saudi Film Showcase,An outdoor film festival showcasing the best of Saudi cinema in a historical setting.Diriyah,Riyadh,Adults,60 SAR per person,3/15/2024,3/20/2024,6:00 AM to 7:00 PM
Arts and Crafts Exhibition,An exhibition featuring local Saudi artists and craftsmen displaying their works.,Tabuk,All,150 SAR per person,2/18/2024,2/22/2024,5:00 AM to 7:00 PM
Traditional Dance Festival,A festival showcasing traditional Saudi dances from different regions.,Najran,All,40 SAR per person,4/7/2024,4/10/2024,6:00 AM to 8:00 PM
Contemporary Art Festival,A festival celebrating modern and contemporary art with installations and workshops.,Dammam,Adults,40 SAR per person,12/10/2023,12/15/2023,5:30 AM to 7:30 PM
Film Directors Workshop,A workshop for aspiring Saudi film directors led by international filmmakers.,Jeddah,All,Free Pass,5/5/2024,5/10/2024,7:00 AM to 9:00 PM
Cultural Cuisine Festival,A festival celebrating traditional Saudi cuisine with live cooking demonstrations.,Jazan,Adults,40 SAR per person,2/5/2024,2/10/2024,6:30 AM to 8:30 PM
Fashion Week Saudi Arabia,A showcase of the latest fashion designs from Saudi designers and international guests.King Abdulaziz Center,Riyadh,Above 12,50 SAR per person,12/1/2023,12/5/2023,5:00 AM to 6:00 PM
Saudi Book Fair,A book fair featuring publishers from across the Arab world and internationally.Riyadh International Exhibition Center,Riyadh,Above 15,30 SAR per person,10/4/2023,10/14/2023,6:00 AM to 7:00 PM
Arab Music Festival,A celebration of traditional Arab music with performances from renowned musicians.Red Sea Concert Hall,Jeddah,Above 15,40 SAR per person,1/20/2024,1/25/2024,5:00 AM to 7:00 PM
Heritage Festival,A cultural festival celebrating Saudi heritage with performances,Al-Ula,Above 12,70 SAR per person,11/5/2023,11/10/2023,6:00 AM to 8:00 PM
Saudi Film Showcase,An outdoor film festival showcasing the best of Saudi cinema in a historical setting. Diriyah,Riyadh,Above 12,60 SAR per person,3/15/2024,3/20/2024,5:30 AM to 7:30 PM
Arts and Crafts Exhibition,An exhibition featuring local Saudi artists and craftsmen displaying their works.,Tabuk,Adults,50 SAR per person,2/18/2024,2/22/2024,7:00 AM to 9:00 PM
Traditional Dance Festival,A festival showcasing traditional Saudi dances from different regions.,Najran,Adults,150 SAR per person,4/7/2024,4/10/2024,6:30 AM to 8:30 PM
Contemporary Art Festival,A festival celebrating modern and contemporary art with installations and workshops.,Dammam,Above 15,40 SAR per person,12/10/2023,12/15/2023,5:00 AM to 6:00 PM
Film Directors Workshop,A workshop for aspiring Saudi film directors led by international filmmakers.,Jeddah,Above 15,40 SAR per person,5/5/2024,5/10/2024,6:00 AM to 7:00 PM
Cultural Cuisine Festival,A festival celebrating traditional Saudi cuisine with live cooking demonstrations.,Jazan,Above 12,Free Pass,2/5/2024,2/10/2024,5:00 AM to 7:00 PM
Fashion Week Saudi Arabia,A showcase of the latest fashion designs from Saudi designers and international guests.King Abdulaziz Center,Riyadh,Above 15,30 SAR per person,12/1/2023,12/5/2023,6:00 AM to 8:00 PM
Saudi Book Fair,A book fair featuring publishers from across the Arab world and internationally.Riyadh International Exhibition Center,Riyadh,Adults,30 SAR per person,10/4/2023,10/14/2023,5:30 AM to 7:30 PM
Arab Music Festival,A celebration of traditional Arab music with performances from renowned musicians.Red Sea Concert Hall,Jeddah,Above 15,Free Pass,1/20/2024,1/25/2024,7:00 AM to 9:00 PM
Heritage Festival,A cultural festival celebrating Saudi heritage with performances,Al-Ula,Above 12,70 SAR per person,11/5/2023,11/10/2023,6:30 AM to 8:30 PM
Saudi Film Showcase,An outdoor film festival showcasing the best of Saudi cinema in a historical setting. Diriyah,Riyadh,All,Free Pass,3/15/2024,3/20/2024,5:00 AM to 6:00 PM
Arts and Crafts Exhibition,An exhibition featuring local Saudi artists and craftsmen displaying their works.,Tabuk,Adults,70 SAR per person,2/18/2024,2/22/2024,6:00 AM to 7:00 PM
Traditional Dance Festival,A festival showcasing traditional Saudi dances from different regions.,Najran,All,70 SAR per person,4/7/2024,4/10/2024,5:00 AM to 7:00 PM
Contemporary Art Festival,A festival celebrating modern and contemporary art with installations and workshops.,Dammam,Above 15,120 SAR per person,12/10/2023,12/15/2023,6:00 AM to 8:00 PM
Film Directors Workshop,A workshop for aspiring Saudi film directors led by international filmmakers.,Jeddah,Above 12,30 SAR per person,5/5/2024,5/10/2024,5:30 AM to 7:30 PM
Cultural Cuisine Festival,A festival celebrating traditional Saudi cuisine with live cooking demonstrations.,Jazan,Above 15,Free Pass,2/5/2024,2/10/2024,7:00 AM to 9:00 PM
Fashion Week Saudi Arabia,A showcase of the latest fashion designs from Saudi designers and international guests.King Abdulaziz Center,Riyadh,Above 12,40 SAR per person,12/1/2023,12/5/2023,6:30 AM to 8:30 PM
Saudi Book Fair,A book fair featuring publishers from across the Arab world and internationally.Riyadh International Exhibition Center,Riyadh,Above 12,40 SAR per person,10/4/2023,10/14/2023,5:00 AM to 6:00 PM
Arab Music Festival,A celebration of traditional Arab music with performances from renowned musicians.Red Sea Concert Hall,Jeddah,Above 12,Free Pass,1/20/2024,1/25/2024,6:00 AM to 7:00 PM
Heritage Festival,A cultural festival celebrating Saudi heritage with performances,Al-Ula,Adults,50 SAR per person,11/5/2023,11/10/2023,5:00 AM to 7:00 PM
Saudi Film Showcase,An outdoor film festival showcasing the best of Saudi cinema in a historical setting.Diriyah,Riyadh,Adults,20 SAR per person,3/15/2024,3/20/2024,6:00 AM to 8:00 PM
Arts and Crafts Exhibition,An exhibition featuring local Saudi artists and craftsmen displaying their works.,Tabuk,Above 15,30 SAR per person,2/18/2024,2/22/2024,5:30 AM to 7:30 PM
Traditional Dance Festival,A festival showcasing traditional Saudi dances from different regions.,Najran,Above 15,60 SAR per person,4/7/2024,4/10/2024,7:00 AM to 9:00 PM
Contemporary Art Festival,A festival celebrating modern and contemporary art with installations and workshops.,Dammam,All,Free Pass,12/10/2023,12/15/2023,6:30 AM to 8:30 PM
Film Directors Workshop,A workshop for aspiring Saudi film directors led by international filmmakers.,Jeddah,Above 12,40 SAR per person,5/5/2024,5/10/2024,5:00 AM to 6:00 PM
Cultural Cuisine Festival,A festival celebrating traditional Saudi cuisine with live cooking demonstrations.,Jazan,Above 12,30 SAR per person,2/5/2024,2/10/2024,6:00 AM to 7:00 PM
Fashion Week Saudi Arabia,A showcase of the latest fashion designs from Saudi designers and international guests.King Abdulaziz Center,Riyadh,Above 15,10 SAR per person,12/1/2023,12/5/2023,5:00 AM to 7:00 PM
Saudi Book Fair,A book fair featuring publishers from across the Arab world and internationally.Riyadh International Exhibition Center,Riyadh,Above 15,40 SAR per person,10/4/2023,10/14/2023,6:00 AM to 8:00 PM
Arab Music Festival,A celebration of traditional Arab music with performances from renowned musicians.Red Sea Concert Hall,Jeddah,Above 15,40 SAR per person,1/20/2024,1/25/2024,5:30 AM to 7:30 PM
Heritage Festival,A cultural festival celebrating Saudi heritage with performances,Al-Ula,Above 12,20 SAR per person,11/5/2023,11/10/2023,7:00 AM to 9:00 PM
Saudi Film Showcase,An outdoor film festival showcasing the best of Saudi cinema in a historical setting. Diriyah,Riyadh,Above 15,20 SAR per person,3/15/2024,3/20/2024,6:30 AM to 8:30 PM
Arts and Crafts Exhibition,An exhibition featuring local Saudi artists and craftsmen displaying their works.,Tabuk,All,Free Pass,2/18/2024,2/22/2024,5:00 AM to 6:00 PM
Traditional Dance Festival,A festival showcasing traditional Saudi dances from different regions.,Najran,Adults,10 SAR per person,4/7/2024,4/10/2024,6:00 AM to 7:00 PM
Contemporary Art Festival,A festival celebrating modern and contemporary art with installations and workshops.,Dammam,Above 15,20 SAR per person,12/10/2023,12/15/2023,5:00 AM to 7:00 PM
Film Directors Workshop,A workshop for aspiring Saudi film directors led by international filmmakers.,Jeddah,Above 15,10 SAR per person,5/5/2024,5/10/2024,6:00 AM to 8:00 PM
Cultural Cuisine Festival,A festival celebrating traditional Saudi cuisine with live cooking demonstrations.,Jazan,Above 15,10 SAR per person,2/5/2024,2/10/2024,5:30 AM to 7:30 PM
Fashion Week Saudi Arabia,A showcase of the latest fashion designs from Saudi designers and international guests.King Abdulaziz Center,Riyadh,Above 15,50 SAR per person,12/1/2023,12/5/2023,7:00 AM to 9:00 PM
Saudi Book Fair,A book fair featuring publishers from across the Arab world and internationally.Riyadh International Exhibition Center,Riyadh,Adults,40 SAR per person,10/4/2023,10/14/2023,6:30 AM to 8:30 PM
Arab Music Festival,A celebration of traditional Arab music with performances from renowned musicians.Red Sea Concert Hall,Jeddah,Above 15,30 SAR per person,1/20/2024,1/25/2024,5:00 AM to 6:00 PM
Heritage Festival,A cultural festival celebrating Saudi heritage with performances,Al-Ula,Above 12,20 SAR per person,11/5/2023,11/10/2023,6:00 AM to 7:00 PM
Saudi Film Showcase,An outdoor film festival showcasing the best of Saudi cinema in a historical setting.Diriyah,Riyadh,Above 15,30 SAR per person,3/15/2024,3/20/2024,5:00 AM to 7:00 PM
Arts and Crafts Exhibition,An exhibition featuring local Saudi artists and craftsmen displaying their works.,Tabuk,Adults,40 SAR per person,2/18/2024,2/22/2024,6:00 AM to 8:00 PM
Traditional Dance Festival,A festival showcasing traditional Saudi dances from different regions.,Najran,Above 15,40 SAR per person,4/7/2024,4/10/2024,5:30 AM to 7:30 PM
Contemporary Art Festival,A festival celebrating modern and contemporary art with installations and workshops.,Dammam,Adults,50 SAR per person,12/10/2023,12/15/2023,7:00 AM to 9:00 PM
Film Directors Workshop,A workshop for aspiring Saudi film directors led by international filmmakers.,Jeddah,Above 12,40 SAR per person,5/5/2024,5/10/2024,6:30 AM to 8:30 PM
Cultural Cuisine Festival,A festival celebrating traditional Saudi cuisine with live cooking demonstrations.,Jazan,Above 12,90 SAR per person,2/5/2024,2/10/2024,5:00 AM to 6:00 PM
Fashion Week Saudi Arabia,A showcase of the latest fashion designs from Saudi designers and international guests.King Abdulaziz Center,Riyadh,Adults,70 SAR per person,12/1/2023,12/5/2023,6:00 AM to 7:00 PM
Saudi Book Fair,A book fair featuring publishers from across the Arab world and internationally. Riyadh International Exhibition Center,Riyadh,Above 12,150 SAR per person,10/4/2023,10/14/2023,5:00 AM to 7:00 PM
Arab Music Festival,A celebration of traditional Arab music with performances from renowned musicians. Red Sea Concert Hall,Jeddah,All,30 SAR per person,1/20/2024,1/25/2024,6:00 AM to 8:00 PM
Heritage Festival,A cultural festival celebrating Saudi heritage with performances,Al-Ula,Above 12,40 SAR per person,11/5/2023,11/10/2023,5:30 AM to 7:30 PM
Saudi Film Showcase,An outdoor film festival showcasing the best of Saudi cinema in a historical setting.Diriyah,Riyadh,All,10 SAR per person,3/15/2024,3/20/2024,7:00 AM to 9:00 PM
Arts and Crafts Exhibition,An exhibition featuring local Saudi artists and craftsmen displaying their works.,Tabuk,Above 15,90 SAR per person,2/18/2024,2/22/2024,6:30 AM to 8:30 PM
Traditional Dance Festival,A festival showcasing traditional Saudi dances from different regions.,Najran,Adults,30 SAR per person,4/7/2024,4/10/2024,5:00 AM to 6:00 PM
Contemporary Art Festival,A festival celebrating modern and contemporary art with installations and workshops.,Dammam,Above 15,30 SAR per person,12/10/2023,12/15/2023,6:00 AM to 7:00 PM
Film Directors Workshop,A workshop for aspiring Saudi film directors led by international filmmakers.,Jeddah,Above 15,40 SAR per person,5/5/2024,5/10/2024,5:00 AM to 7:00 PM
Cultural Cuisine Festival,A festival celebrating traditional Saudi cuisine with live cooking demonstrations.,Jazan,Above 12,70 SAR per person,2/5/2024,2/10/2024,6:00 AM to 8:00 PM
Fashion Week Saudi Arabia,A showcase of the latest fashion designs from Saudi designers and international guests.King Abdulaziz Center,Riyadh,Above 15,10 SAR per person,12/1/2023,12/5/2023,5:30 AM to 7:30 PM
Saudi Book Fair,A book fair featuring publishers from across the Arab world and internationally.Riyadh International Exhibition Center,Riyadh,All,20 SAR per person,10/4/2023,10/14/2023,7:00 AM to 9:00 PM
Arab Music Festival,A celebration of traditional Arab music with performances from renowned musicians.Red Sea Concert Hall,Jeddah,Above 12,30 SAR per person,1/20/2024,1/25/2024,6:30 AM to 8:30 PM
Heritage Festival,A cultural festival celebrating Saudi heritage with performances,Al-Ula,Adults,50 SAR per person,11/5/2023,11/10/2023,5:00 AM to 6:00 PM
Saudi Film Showcase,An outdoor film festival showcasing the best of Saudi cinema in a historical setting.Diriyah,Riyadh,Adults,10 SAR per person,3/15/2024,3/20/2024,6:00 AM to 7:00 PM
Arts and Crafts Exhibition,An exhibition featuring local Saudi artists and craftsmen displaying their works.,Tabuk,All,10 SAR per person,2/18/2024,2/22/2024,5:00 AM to 7:00 PM
Traditional Dance Festival,A festival showcasing traditional Saudi dances from different regions.,Najran,Above 15,40 SAR per person,4/7/2024,4/10/2024,6:00 AM to 8:00 PM
Contemporary Art Festival,A festival celebrating modern and contemporary art with installations and workshops.,Dammam,Adults,60 SAR per person,12/10/2023,12/15/2023,5:30 AM to 7:30 PM
Film Directors Workshop,A workshop for aspiring Saudi film directors led by international filmmakers.,Jeddah,Adults,120 SAR per person,5/5/2024,5/10/2024,7:00 AM to 9:00 PM
Cultural Cuisine Festival,A festival celebrating traditional Saudi cuisine with live cooking demonstrations.,Jazan,Above 15,30 SAR per person,2/5/2024,2/10/2024,6:30 AM to 8:30 PM
Fashion Week Saudi Arabia,A showcase of the latest fashion designs from Saudi designers and international guests.King Abdulaziz Center,Riyadh,Above 15,Free Pass,12/1/2023,12/5/2023,5:00 AM to 6:00 PM
Saudi Book Fair,A book fair featuring publishers from across the Arab world and internationally. Riyadh International Exhibition Center,Riyadh,Above 12,50 SAR per person,10/4/2023,10/14/2023,6:00 AM to 7:00 PM
Arab Music Festival,A celebration of traditional Arab music with performances from renowned musicians.Red Sea Concert Hall,Jeddah,Adults,30 SAR per person,1/20/2024,1/25/2024,5:00 AM to 7:00 PM
Heritage Festival,A cultural festival celebrating Saudi heritage with performances,Al-Ula,Above 12,20 SAR per person,11/5/2023,11/10/2023,6:00 AM to 8:00 PM
Saudi Film Showcase,An outdoor film festival showcasing the best of Saudi cinema in a historical setting.Diriyah,Riyadh,Above 12,20 SAR per person,3/15/2024,3/20/2024,5:30 AM to 7:30 PM
"Jawad Al Ali, Fouad Abdelwahed and Ayedh Concert",At the first concert of Riyadh Season we will experience a magical musical night. ABO BAKER SALIM STAGE,Riyadh,Above 15,50 SAR per person,10/17/2024,10/17/2024,7:00 AM to 9:00 PM
Sky Night - Sky Garden,A pleasant night presented to you by Sky Garden,Jeddah,Above 12,20 SAR per person,10/8/2024,10/8/2024,6:30 AM to 8:30 PM
Layali Alkhaima Musical Night,A magical musical night lead by musician Oud Rayan and his musician friends.Dar Al Hikma University,Jeddah,Above 15,40 SAR per person,10/4/2024,10/5/2024,5:00 AM to 6:00 PM
TotalEnergies CAF Super Cup,Riyadh hosts a major African Derby,Riyadh,Adults,Free Pass,9/27/2024,9/27/2024,6:00 AM to 7:00 PM
Naval-shows-Airshows-ND94-Khobar,National day 94 airshows.PSTC - Corniche , Khobar,Adults,150 SAR per person,9/26/2024,9/27/2024,5:00 AM to 7:00 PM
Alula Sky ND94,Alula Sky National day events 94.Alula balloons,AI-Ula,Adults,60 SAR per person,9/26/2024,10/5/2024,6:00 AM to 8:00 PM
Sky Night - Sky Garden,A pleasant night presented to you by Sky Garden,Jeddah,Above 12,30 SAR per person,9/24/2024,9/24/2024,5:30 AM to 7:30 PM
ND94-Fireworks-Skaka,The Kingdom's skies celebrate the 94th National Day through fireworks in most cities of the Kingdom.Rabwa Walk,Skaka,Above 15,120 SAR per person,9/23/2024,9/23/2024,7:00 AM to 9:00 PM
ND94-Fireworks-Jezan,The Kingdom's skies celebrate the 94th National Day through fireworks in most cities of the Kingdom.South Cornice,Jazan,Above 12,40 SAR per person,9/23/2024,9/23/2024,6:30 AM to 8:30 PM
Majed Almohandes ND94,On September 23rd,Dammam,Adults,Free Pass,9/23/2024,9/23/2024,5:00 AM to 6:00 PM
ND94-Fireworks-Buridah,The Kingdom's skies celebrate the 94th National Day through fireworks in most cities of the Kingdom.Al shrq Park ,Qassim,Above 15,Free Pass,9/23/2024,9/23/2024,6:00 AM to 7:00 PM
ND94-Fireworks-Tabouk,The Kingdom's skies celebrate the 94th National Day through fireworks in most cities of the Kingdom.Alnatheem Park , Tabouk,Above 15,50 SAR per person,9/23/2024,9/23/2024,5:00 AM to 7:00 PM
ND94-Fireworks-Almadinah,The Kingdom's skies celebrate the 94th National Day through fireworks in most cities of the Kingdom.Alzahoor Park,Almadina,Above 12,30 SAR per person,9/23/2024,9/23/2024,6:00 AM to 8:00 PM
ND94-Fireworks-Abha,The Kingdom's skies celebrate the 94th National Day through fireworks in most cities of the Kingdom.Hills Park,Abha,All,10 SAR per person,9/23/2024,9/23/2024,5:30 AM to 7:30 PM
ND94-Fireworks-Hail,The Kingdom's skies celebrate the 94th National Day through fireworks in most cities of the Kingdom.Aja ParkmHail,Hail,Above 15,Free Pass,9/23/2024,9/23/2024,7:00 AM to 9:00 PM
ND94-Fireworks-Arar,The Kingdom's skies celebrate the 94th National Day through fireworks in most cities of the Kingdom.Alshamal Park,Arar,Above 12,40 SAR per person,9/23/2024,9/23/2024,6:30 AM to 8:30 PM
ND94-Fireworks-Najran,The Kingdom's skies celebrate the 94th National Day through fireworks in most cities of the Kingdom.Mountain Najran,Najran,All,Free Pass,9/23/2024,9/23/2024,5:00 AM to 6:00 PM
ND94-Fireworks-Albaha,The Kingdom's skies celebrate the 94th National Day through fireworks in most cities of the Kingdom.Prince Hussam Park,Albaha,All,90 SAR per person,9/23/2024,9/23/2024,6:00 AM to 7:00 PM
Fireworks-Riyadh,The Kingdom's skies celebrate the 94th National Day through fireworks in most cities of the Kingdom.Um Ajlan Park,Riyadh,All,20 SAR per person,9/23/2024,9/23/2024,5:00 AM to 7:00 PM
ND94-Fireworks-Jeddah,The Kingdom's skies celebrate the 94th National Day through fireworks in most cities of the Kingdom.Promenade Walk,Jeddah,All,120 SAR per person,9/23/2024,9/23/2024,6:00 AM to 8:00 PM
ND94-Fireworks-Khobar,The Kingdom's skies celebrate the 94th National Day through fireworks in most cities of the Kingdom.Al Khobar Northern Corniche,Al Khobar,Above 12,60 SAR per person,9/23/2024,9/23/2024,5:30 AM to 7:30 PM
National day Events ND94,National Day Events 94.King fahad Park Almadinah,Almadina,All,Free Pass,9/23/2024,9/23/2024,7:00 AM to 9:00 PM
Saudi Folklore,Showcasing Saudi folklore with traditions,Jeddah,All,20 SAR per person,9/23/2024,9/23/2024,6:30 AM to 8:30 PM
National day Events ND94,National Day Events 94.Thuwal Cornech,Jeddah,Above 15,40 SAR per person,9/23/2024,9/23/2024,5:00 AM to 6:00 PM
National day Events ND94 - Taif1,National Day Events 94.King Abdullah Park,Taif,Adults,Free Pass,9/23/2024,9/23/2024,6:00 AM to 7:00 PM
Naval-shows-Airshows-ND94-Jeddah,National day 94 Naveal shows.Roshn front sea,Jeddah,Adults,50 SAR per person,9/23/2024,9/23/2024,5:00 AM to 7:00 PM
Naval-shows-ND94-Khobar,National day 94 Naveal shows.Khobar Corniche sea front,Al Khobar,Adults,10 SAR per person,9/23/2024,9/23/2024,6:00 AM to 8:00 PM
Naval-shows-Airshows-ND94-Jazan,National day 94 Naveal shows.South Cornice,Jazan,Above 15,50 SAR per person,9/23/2024,9/23/2024,5:30 AM to 7:30 PM
Naval-shows-Airshows-ND94-Umluj,National day 94 Naveal shows.Umluj Cornich,Umluj,Adults,90 SAR per person,9/23/2024,9/23/2024,7:00 AM to 9:00 PM
Naval-shows-Airshows-ND94-Alwajh,National day 94 Naveal shows.Al wejh Cornich,Al Wejh,Above 15,30 SAR per person,9/23/2024,9/23/2024,6:30 AM to 8:30 PM
Naval-shows-Airshows-ND94-Yanbu,National day 94 Naveal shows.Shran Yanbu,Yanbu,Above 15,150 SAR per person,9/23/2024,9/23/2024,5:00 AM to 6:00 PM
Naval-shows-Airshows-ND94-Asir,National day 94 Naveal shows.Sea front,Asir,Adults,20 SAR per person,9/23/2024,9/23/2024,6:00 AM to 7:00 PM
Henna Corner,The corner offers henna art,Jeddah,All,70 SAR per person,9/23/2024,9/23/2024,5:00 AM to 7:00 PM
A display of naval vessels with a diver deployment,A display of naval vessels with a diver deployment.Jeddah Yacht Club,Jeddah,Above 15,20 SAR per person,9/22/2024,9/22/2024,6:00 AM to 8:00 PM
EZZ ALWATAN 3,The Ministry of Interior's celebrations on the 94th National Day (Ezz Al Watan 3).king saud university arena,Riyadh,Above 15,30 SAR per person,9/22/2024,9/23/2024,5:30 AM to 7:30 PM
Saqer Aljazirzh Royal Air Force Museum,Saqer Aljazirzh Royal Air Force Museun.Saqer Aljazirzh Royal Air Force Museum,Riyadh,All,40 SAR per person,9/21/2024,9/23/2024,7:00 AM to 9:00 PM
Shojaa,SHOJAA is a unique theatrical musical show that celebrates “The Saudi Camel”.The club theater,Jeddah,All,20 SAR per person,9/20/2024,9/23/2024,6:30 AM to 8:30 PM
Face painting,The corner offers face painting with national colors allowing visitors to enjoy it.Jeddah Yacht Club,Jeddah,Above 12,120 SAR per person,9/20/2024,9/23/2024,5:00 AM to 6:00 PM
Art installations,Display of national-themed models in celebration of National Day.Jeddah Yacht Club,Jeddah,All,70 SAR per person,9/20/2024,9/23/2024,6:00 AM to 7:00 PM
Giveaways,Engaging visitors in the celebration and distributing balloons and flags.Jeddah Yacht Club,Jeddah,All,150 SAR per person,9/20/2024,9/23/2024,5:00 AM to 7:00 PM
Saudi Folklore Promenad ND94,Showcasing Saudi folklore with traditions,Jeddah,Above 15,150 SAR per person,9/20/2024,9/23/2024,6:00 AM to 8:00 PM
Face painting Promenad ND94,The corner offers face painting with national colors,Jeddah,All,70 SAR per person,9/20/2024,9/23/2024,5:30 AM to 7:30 PM
Henna Corner Promenad ND94,The corner offers henna art,Jeddah,Above 15,20 SAR per person,9/20/2024,9/23/2024,7:00 AM to 9:00 PM
Giveaways Promenad ND94,Engaging visitors in the celebration and distributing balloons and flags.Jeddah Promenade,Jeddah,Above 15,30 SAR per person,9/20/2024,9/23/2024,6:30 AM to 8:30 PM
Alula Concert,Alula Concert.Azimuth Alula,Al-Ula,Adults,60 SAR per person,9/19/2024,9/21/2024,5:00 AM to 6:00 PM
Angham in Jeddah concerts,A beautiful musical night with the Egyptian star Angham,Jeddah,All,30 SAR per person,9/13/2024,9/13/2024,6:00 AM to 7:00 PM
Vocally nights in myadeen,Mohammed mohsen in Vocally nights in myadeen.Vocally Theatre,Diriyah,Above 15,Free Pass,9/12/2024,9/14/2024,5:00 AM to 7:00 PM
Sky Night - Sky Garden,A pleasant night presented to you by Sky Garden,Jeddah,Adults,Free Pass,9/10/2024,9/10/2024,6:00 AM to 8:00 PM
Tamer Ashor in Jeddah concerts,A special concert performed by Artist Tamer Ashor.Abadi Al-Jawhar Arena,Jeddah,Above 15,10 SAR per person,9/6/2024,9/6/2024,5:30 AM to 7:30 PM
Sky Night - Sky Garden,A pleasant night presented to you by Sky Garden,Jeddah,Above 15,50 SAR per person,8/30/2024,8/30/2024,7:00 AM to 9:00 PM
Mohamed Hamaki in Jeddah concerts,On the Abadi AlJohar Arena at Jeddah concerts,Jeddah,Above 12,60 SAR per person,8/30/2024,8/30/2024,6:30 AM to 8:30 PM
Sky Night - Sky Garden,A pleasant night presented to you by Sky Garden,Jeddah,All,60 SAR per person,8/27/2024,8/27/2024,5:00 AM to 6:00 PM
Mohamed Hamaki - Around The Kingdom 24,On the Abu Bakr Salem Stage at Kingdom Tour,Riyadh,All,50 SAR per person,8/22/2024,8/22/2024,6:00 AM to 7:00 PM
Cairokee & Ahmed Saad in Jeddah concerts,A musical night with Cairokee & Ahmed Saad in Jeddah at the Abadi AlJohar Arena.Abadi Al-Jawhar Arena,Jeddah,All,70 SAR per person,8/22/2024,8/22/2024,5:00 AM to 7:00 PM
Flight Mode - Around The Kingdom 24,A regular passenger plane is heading from Cairo to Istanbul,Jeddah,Adults,60 SAR per person,8/21/2024,8/30/2024,6:00 AM to 8:00 PM
Sky Night - Sky Garden,A pleasant night presented to you by Sky Garden,Jeddah,Above 15,30 SAR per person,8/20/2024,8/20/2024,5:30 AM to 7:30 PM
Sky Night - Sky Garden,A pleasant night presented to you by Sky Garden,Jeddah,Above 15,20 SAR per person,8/16/2024,8/16/2024,7:00 AM to 9:00 PM
Nancy Ajram & Ayed - Around The Kingdom 24,An extraordinary night,Riyadh,Above 12,50 SAR per person,8/16/2024,8/16/2024,6:30 AM to 8:30 PM
Abdul Majeed Abdullah - Around The Kingdom 24,A memorable performance with the artist,Abha,Adults,40 SAR per person,8/16/2024,8/16/2024,5:00 AM to 6:00 PM
Tamer Hosny in Jeddah concerts,Get ready for an electrifying musical night!.Abadi Al-Jawhar Arena,Jeddah,Above 15,20 SAR per person,8/15/2024,8/15/2024,6:00 AM to 7:00 PM
Terms and conditions apply - Around The Kingdom 24,A young cook loves the daughter of the manager of the restaurant where he works.City Walk,Jeddah,Adults,90 SAR per person,8/14/2024,8/17/2024,5:00 AM to 7:00 PM
Upside down house - Around The Kingdom 24,Three families who have no relation to each other meet in a house that was sold to them.Bakr Al Sheddy Theater- Boulevard,Riyadh,Above 12,50 SAR per person,8/14/2024,8/18/2024,6:00 AM to 8:00 PM
Sky Night - Sky Garden,A pleasant night presented to you by Sky Garden,Jeddah,All,40 SAR per person,8/13/2024,8/13/2024,5:30 AM to 7:30 PM
Nawal El Kuwaitia & Ahlam - Around The Kingdom 24,On the Mohammed Abdo Arena at Kingdom Tour,Riyadh,Above 12,30 SAR per person,8/12/2024,8/12/2024,7:00 AM to 9:00 PM
Tamer Hosny - Around The Kingdom 24,A lively concert performed by singer Tamer Hosny ,Riyadh,All,10 SAR per person,8/10/2024,8/10/2024,6:30 AM to 8:30 PM
Sky Night - Sky Garden,A pleasant night presented to you by Sky Garden.Sky Garden,Jeddah,Above 15,90 SAR per person,8/9/2024,8/9/2024,5:00 AM to 6:00 PM
Rabeh Sager - Around The Kingdom 24,An exceptional evening with Gulf musician Rabah Saqr within the Kingdom Tour in Abha .King Khalid University Theater,Abha,Above 12,90 SAR per person,8/9/2024,8/9/2024,6:00 AM to 7:00 PM
Elissa & Ramy Sabry,A musical night with Elissa & Ramy Sabry in Jeddah at the Abadi AlJohar Arena.Abadi Al-Jawhar Arena,Jeddah,Adults,40 SAR per person,8/8/2024,8/8/2024,5:00 AM to 7:00 PM
Oriental night with Nedaa Sharara,An Escape to the Wonderful Times with the Winner of The Title of “The Voice” Artist Nedaa Sharara.Vocally Theatre,Diriyah,Above 15,120 SAR per person,8/8/2024,8/9/2024,6:00 AM to 8:00 PM
Sky Night - Sky Garden,A pleasant night presented to you by Sky Garden,Jeddah,All,50 SAR per person,8/6/2024,8/6/2024,5:30 AM to 7:30 PM
Nabil Shuail & Miami Band - Around The Kingdom 24,Unforgettable moments we live it with the singer Nabil Shuail and the Miami band.Mohammed Abdo Arena,Riyadh,Above 12,150 SAR per person,8/6/2024,8/6/2024,7:00 AM to 9:00 PM
The first of its kind - Around The Kingdom 24,Talal,Riyadh,Adults,40 SAR per person,8/6/2024,8/10/2024,6:30 AM to 8:30 PM
Abadi AlJohar,An exceptional night with artist Dr. Abadi AlJohar in Jeddah at the Abadi AlJohar Arena.Abadi Al-Jawhar Arena,Jeddah,All,90 SAR per person,8/2/2024,8/2/2024,5:00 AM to 6:00 PM
Classic Saudi Nostalgia,The Arab artist and immortal icon whose art we lived and still live.Vocally Theatre,Diriyah,Above 12,Free Pass,8/2/2024,8/2/2024,6:00 AM to 7:00 PM
Classic Saudi Nostalgia,"See more ideas about arabic design, typography poster design, arabic art",Diriyah,Adults,150 SAR per person,8/1/2024,8/1/2024,5:00 AM to 7:00 PM
Artificial marriage,Shorouk and Farouk are exposed to a crisis on their wedding night.City Walk,Jeddah,Above 15,50 SAR per person,8/1/2024,8/4/2024,6:00 AM to 8:00 PM
Sky Night - Sky Garden,A pleasant night presented to you by Sky Garden,Jeddah,Adults,20 SAR per person,7/30/2024,7/30/2024,5:30 AM to 7:30 PM
Rashed Al Fares & Oumaima Taleb & Fahad Al Kubaisi - Around The Kingdom 24,A legendary night with Rashed Al Fares,Riyadh,Above 12,50 SAR per person,7/29/2024,7/29/2024,7:00 AM to 9:00 PM
The sinbad - Around The Kingdom 24,While Omar abo alhoul is escaping from almalem Senussi.King Khalid University Theater,Abha,Above 15,60 SAR per person,7/29/2024,7/31/2024,6:30 AM to 8:30 PM
Witch of the North - Around The Kingdom 24,The events of the play take place in the abandoned house inhabited by the Witch of the North.Bakr Al Sheddy Theater- Boulevard,Riyadh,Above 15,20 SAR per person,7/29/2024,8/2/2024,5:00 AM to 6:00 PM
Night of dreams,Night of dreams.Abadi Al-Jawhar Arena,Jeddah,Above 15,30 SAR per person,7/26/2024,7/26/2024,6:00 AM to 7:00 PM
Fahad Al Kubaisi & Hind AlBahraineya & Dhom Altlasy - Around The Kingdom 24,A legendary night with Fahad Al Kubaisi,Albaha,All,20 SAR per person,7/25/2024,7/25/2024,5:00 AM to 7:00 PM
Modi Al Shamrani & Abdullah AlMana Concert,A special concert in which we enjoy the most beautiful songs.Abadi Al-Jawhar Arena,Jeddah,Above 12,30 SAR per person,7/18/2024,7/18/2024,6:00 AM to 8:00 PM
The sinbad,While Omar abo alhoul is escaping from almalem Senussi.City Walk,Jeddah,Above 12,120 SAR per person,7/18/2024,7/23/2024,5:30 AM to 7:30 PM
Balad social,Balad Social Event In red sea palace hotel.Red sea Palace Hotel,Jeddah,Above 15,10 SAR per person,7/17/2024,10/19/2024,7:00 AM to 9:00 PM
Sky Night - Sky Garden,A pleasant night presented to you by Sky Garden,Jeddah,All,30 SAR per person,7/16/2024,7/16/2024,6:30 AM to 8:30 PM
Poetry Night - Ali Bin Hamri - Abha,Get ready for a spectacular evening of poetry with the illustrious Ali bin Hamri!.King Khalid University Theater,Abha,Adults,60 SAR per person,7/13/2024,7/13/2024,5:00 AM to 6:00 PM
Amal Maher & Fouad Abdelwahed - Around The Kingdom 24,A musical night of its kind,Abha,All,50 SAR per person,7/12/2024,7/12/2024,6:00 AM to 7:00 PM
Kadim Al Sahir Concert,A concert ignited by charming melodies performed.Abadi Al-Jawhar Arena,Jeddah,Above 15,20 SAR per person,7/12/2024,7/12/2024,5:00 AM to 7:00 PM
Poetry Night - Ali Bin Hamri - Taif,Get ready for a dazzling evening of poetry with the legendary Ali bin Hamri!.B Auditorium in Taif University,Taif,All,150 SAR per person,7/12/2024,7/12/2024,6:00 AM to 8:00 PM
Souq deeratna,A journey between the present and the past,Abha,Adults,30 SAR per person,7/12/2024,8/30/2024,5:30 AM to 7:30 PM
Jeddah Waves,An event including all water activities.8912 Prince Abdullah AlFiasal St,Jeddah ,Adults,150 SAR per person,7/12/2024,10/6/2024,7:00 AM to 9:00 PM
Amal Maher & Fouad Abdelwahed - Around The Kingdom 24,A musical night of its kind,Taif,All,30 SAR per person,7/11/2024,7/11/2024,6:30 AM to 8:30 PM
Abdul Majeed Abdullah - Around The Kingdom 24,An exceptional concert,Riyadh,Above 15,30 SAR per person,7/10/2024,7/10/2024,5:00 AM to 6:00 PM
Doctor - Around The Kingdom 24,The doctor who works in the medical profession takes the worst advantage of his patients through.Bakr Al Sheddy Theater- Boulevard,Riyadh,All,120 SAR per person,7/10/2024,7/14/2024,6:00 AM to 7:00 PM
Sky Night - Sky Garden,A pleasant night presented to you by Sky Garden,Jeddah,Adults,70 SAR per person,7/9/2024,7/9/2024,5:00 AM to 7:00 PM
Sky Night - Sky Garden,A pleasant night presented to you by Sky Garden.Sky Garden,Jeddah,Above 12,30 SAR per person,7/5/2024,7/5/2024,6:00 AM to 8:00 PM
Majid Al Muhandis - Around The Kingdom 24,An exceptional evening with the artist Majid Al Muhandis.Mohammed Abdo Arena,Riyadh,Adults,90 SAR per person,7/5/2024,7/5/2024,5:30 AM to 7:30 PM
Musical School,Ramadan Mabrouk returns to manage a school after its owner asks him to help him manage it!.City Walk,Jeddah,Above 12,30 SAR per person,7/5/2024,7/9/2024,7:00 AM to 9:00 PM
Warda Night,The largest Concert Warda Night brings together the stars of the Arab world at Abadi Al-Jawhar Arena.Abadi Al-Jawhar Arena,Jeddah,All,30 SAR per person,7/4/2024,7/4/2024,6:30 AM to 8:30 PM
AFT_r,Game Ends,Riyadh,Above 15,40 SAR per person,7/4/2024,8/15/2024,5:00 AM to 6:00 PM
Haql City Summer Festival,Haql City Summer Festival.Prince Fahad Park,Tabouk,Above 12,30 SAR per person,7/4/2024,8/25/2024,6:00 AM to 7:00 PM
Esport World Cup,The Esports World Cup is an elite multi-genre esports competition that will take place annually.Boulevard Riyadh City,Riyadh,All,30 SAR per person,7/3/2024,8/31/2024,5:00 AM to 7:00 PM
Albader Night - Sky Garden,A pleasant night presented to you by Sky Garden.Sky Garden,Jeddah,Above 12,70 SAR per person,6/28/2024,6/28/2024,6:00 AM to 8:00 PM
Raya & Skena,Raya and Sakina,Jeddah,All,30 SAR per person,6/28/2024,7/17/2024,5:30 AM to 7:30 PM
CityWalk,City Walk returns for the fourth consecutive year.City Walk,Jeddah,Above 15,40 SAR per person,6/28/2024,8/16/2024,7:00 AM to 9:00 PM
The lapratory,A horror zone with a science fiction theme that includes several stages.City Walk,Jeddah,All,70 SAR per person,6/28/2024,8/18/2024,6:30 AM to 8:30 PM
Mirrors maze,An exciting adventure in the maze of mirrors where visitors must escape from the creatures.City Walk,Jeddah,Above 12,50 SAR per person,6/28/2024,8/18/2024,5:00 AM to 6:00 PM
joy plex,A diverse games and activities area suitable for all age groups.City Walk,Jeddah,Above 15,40 SAR per person,6/28/2024,8/18/2024,6:00 AM to 7:00 PM
Locanda RoyaL Hotelâ€‹,An experience that mimics classic hotels,Jeddah,All,70 SAR per person,6/28/2024,8/18/2024,5:00 AM to 7:00 PM
IMAGINE MONET,Welcome to the Imagine Monet exhibition.Jeddah Corniche,Jeddah,Above 15,40 SAR per person,6/28/2024,7/28/2024,6:00 AM to 8:00 PM
CELEBRATE EVERY STORY WITH WARNER BROS,Celebrate every story with Warner Bros. Discovery this Jeddah Season!.Warner Bros,Jeddah,Above 12,30 SAR per person,6/28/2024,8/16/2024,5:30 AM to 7:30 PM
Malak And Alshater,"Al-Shater Hassan"" embarks on a great adventure to obtain (the black saffron).Bakr Al Sheddy Theater- Boulevard",Riyadh,Above 12,90 SAR per person,6/26/2024,7/6/2024,7:00 AM to 9:00 PM
Terhaab,TextWe aspire to create a unique experience for visitors to the Asir region.Terhaab,Abha,Adults,120 SAR per person,6/26/2024,8/30/2024,6:30 AM to 8:30 PM
Buraidah Summer Festival,An entertainment festival that contains many family-oriented entertainment activities.king abdullah park,Qassim,Adults,30 SAR per person,6/24/2024,9/28/2024,5:00 AM to 6:00 PM
UFC fight night,UFC the world’s premier mixed martial arts organization,Riyadh,Above 12,30 SAR per person,6/22/2024,6/22/2024,6:00 AM to 7:00 PM
Khaled Hatem - Sky Garden,A pleasant night presented to you by Sky Garden,Jeddah,All,40 SAR per person,6/20/2024,6/20/2024,5:00 AM to 7:00 PM
mahrajan sayf almudhanab,Mahrajan sayf almudhanab.mahrajan sayf almudhanab,Almethneb,Adults,120 SAR per person,6/20/2024,7/19/2024,6:00 AM to 8:00 PM
The first Sudanese entertainment day in Riyadh,Special Sudanese art in one place.Alasayl Hall,Riyadh,Above 12,Free Pass,6/19/2024,6/20/2024,5:30 AM to 7:30 PM
Choralla shows,Korala: An Enchanting Concert of Melodious Voices and Musical Creations,Jeddah,Above 12,120 SAR per person,6/18/2024,6/20/2024,7:00 AM to 9:00 PM
peony,An event rich in restaurants,Abha,Adults,40 SAR per person,6/6/2024,8/20/2024,6:30 AM to 8:30 PM
Khaled shaheen & Sonik - Sky Garden,A pleasant night presented to you by Sky Garden,Jeddah,All,70 SAR per person,6/4/2024,6/4/2024,5:00 AM to 6:00 PM
WWE Experiance,Witness the sights,Riyadh,All,40 SAR per person,6/4/2024,10/10/2024,6:00 AM to 7:00 PM
5 vs 5 Boxing event,Prepare for an extraordinary showdown as Frank Warren's elite team of five boxers goes head-to-head against Eddie Hearn's beast squad of five boxers.Kingdom Arena,Riyadh,Above 12,Free Pass,6/1/2024,6/1/2024,5:00 AM to 7:00 PM
Yellow plus,Get ready for an electrifying night as BreakOut and YellowPlus presents for the first time in the kingdom,Riyadh,Above 12,60 SAR per person,5/31/2024,6/1/2024,6:00 AM to 8:00 PM
Sonik - Sky Garden,A pleasant night presented to you by Sky Garden,Jeddah,Above 15,40 SAR per person,5/28/2024,5/28/2024,5:30 AM to 7:30 PM
WWE King & queen of the ring,WWE Presents King & queen of the ring at Jeddah superdome,Jeddah,Adults,70 SAR per person,5/25/2024,5/25/2024,7:00 AM to 9:00 PM
WWE Smackdown,WWE Presents WWE Smackdown at Jeddah superdome,Jeddah,All,30 SAR per person,5/24/2024,5/24/2024,6:30 AM to 8:30 PM
Butterfly recreational activities,Various activities for all age groups and targeting families and youth.Recreational Butterfly Activities,Albaha,Above 12,120 SAR per person,5/23/2024,8/16/2024,5:00 AM to 6:00 PM
Alia & Sonik - Sky Garden,A pleasant night presented to you by Sky Garden,Jeddah,Adults,10 SAR per person,5/21/2024,5/21/2024,6:00 AM to 7:00 PM
Ring Of Fire,An epic showdown is set to take place between two of the world's greatest boxers.Kingdom Arena,Riyadh,Above 12,20 SAR per person,5/18/2024,5/18/2024,5:00 AM to 7:00 PM
HAWA,Hawa is an entertainment event in Madinah that includes entertainment zones,Almadina,Above 15,30 SAR per person,5/15/2024,8/12/2024,6:00 AM to 8:00 PM
Rita - Sky Garden,A pleasant night presented to you by Sky Garden,Jeddah,All,10 SAR per person,5/14/2024,5/14/2024,5:30 AM to 7:30 PM
Nakheel Al Ammaria,A group of distinguished people discover Alamariyah.,Riyadh,Above 12,150 SAR per person,5/11/2024,8/8/2024,7:00 AM to 9:00 PM
Dream,Dream Event is a unique musical event in Riyadh. In the presence of distinguished artists.Dirab drift,Riyadh,All,20 SAR per person,5/10/2024,5/11/2024,6:30 AM to 8:30 PM
180 Beach Club,A new concept in the Eastern province started in 2020 that provides an Exceptional Experience at the beach,Al Khobar,Adults,20 SAR per person,5/9/2024,7/20/2024,5:00 AM to 6:00 PM
Amal Naher Concert,Join us for a magical concert with the amazing singer Amal Maher at the Onyx Arena.Covered hall - Aljowhrah,Jeddah,Above 15,Free Pass,5/3/2024,5/3/2024,6:00 AM to 7:00 PM
Ali asiri - Sky Garden,A pleasant night presented to you by Sky Garden,Jeddah,Above 12,90 SAR per person,4/19/2024,4/19/2024,5:00 AM to 7:00 PM
Ors Aljen,Comedy and horror  converge in a unique and innovative framework through a story that takes place in the eighties of the last s ntury. Saad decides to marry his cousin Munira. On his wedding night,Dammam,Above 15,70 SAR per person,4/14/2024,4/18/2024,6:00 AM to 8:00 PM
The red Box,Dr. Farida explain the secrets of health  care.,Jeddah,Above 15,50 SAR per person,4/13/2024,4/17/2024,5:30 AM to 7:30 PM
Khalid Abdulrahman & Nawaf Aljabarti - Eid Events 2024,Eid concert in Shaqra with Khalid Abdulrahman & Nawaf Aljabarti.Amphitheater in Shaqraa,Shagraa,All,150 SAR per person,4/12/2024,4/12/2024,7:00 AM to 9:00 PM
Rabeh Sager - Eid Events 24,Eid concert in Dammam with Rabeh Sager.Dharan Expo,Dammam,Above 15,30 SAR per person,4/12/2024,4/12/2024,6:30 AM to 8:30 PM
Abadi AlJohar & Zena & AlMestrih - Eid Events 24,Eid concert in Riyadh with Abadi AlJohar & Zena Emad & Abdulla AlMestrih,Riyadh,Above 12,Free Pass,4/12/2024,4/12/2024,5:00 AM to 6:00 PM
Rayanh Alsayd - Sky Garden,A pleasant night presented to you by Sky Garden,Jeddah,Adults,10 SAR per person,4/12/2024,4/12/2024,6:00 AM to 7:00 PM
Beast house,Your weekend is set at Beast House,Riyadh,Above 12,Free Pass,4/12/2024,10/12/2024,5:00 AM to 7:00 PM
Balad social,ur intimate gathering of Jeddah's music heads on Bait Zainal's rooftop in the heart of historic Al-Balad.,Jeddah ,Above 12,50 SAR per person,4/11/2024,4/27/2024,6:00 AM to 8:00 PM
Guvali,It is a place with a different character and an integrated entertainment.guvali - Asfan,Jeddah,Above 15,50 SAR per person,4/10/2024,7/25/2024,5:30 AM to 7:30 PM
Jeddah Promenade - Eid Events 24,"Enjoy the most wonderful moments at the ""Eid Destination: The Best Holidays in Jeddah"" Promenade",Jeddah,All,70 SAR per person,4/10/2024,4/20/2024,7:00 AM to 9:00 PM
Jeddah Yacht Club & Marina - Eid Events 24,"Discover the excitement of ""Eid"" at Jeddah Yacht Club and Marina! Enjoy the beautiful atmosphere with your family by the sea",Jeddah,Above 12,50 SAR per person,4/10/2024,4/20/2024,6:30 AM to 8:30 PM
Work and Learn,Work and Learn is an initiative of the Theater and Performing Arts Commission with the support of the Ministry of Culture (MOC). It is an initiative that aims to support and develop talents by integrating trainees with experience in multiple technical theater professions with advanced and global experts in the field. The Initiative also aims to improve practitioners' abilities so that their skills become an integral part of the Kingdom of Saudi Arabia's talent and capability supply in the field of theater and performing arts.,Riyadh,Above 12,150 SAR per person,8/29/2023,9/12/2023,5:00 AM to 6:00 PM
Zarqa Al Yamama Opera,The festival aims to produce the first world-class Saudi operatic work that draws inspiration from the Kingdom's heritage and history. It also aims to attract leading Arab and global opera artists to enhance local talent and stimulate the performing arts sector to attract and produce theatrical performances for various segments of society. Additionally,Riyadh,Above 12,40 SAR per person,4/25/2024,5/4/2024,6:00 AM to 7:00 PM
Traditional Performing Arts Festival,A cultural and heritage art festival that revives the authentic folk arts,Riyadh,Above 15,30 SAR per person,8/14/2023,12/30/2023,5:00 AM to 7:00 PM
The National Folklore Competition,The National Folklore Competition is meant to aid the intangible national heritage through encouraging all community members to document the national Folklore treasures in Saudi in the following tracks; Folk Dance,Riyadh,Adults,50 SAR per person,9/25/2022,1/16/2023,6:00 AM to 8:00 PM
Literature of Isolation,The Literature,Riyadh,All,50 SAR per person,1/1/2020,2/1/2025,5:30 AM to 7:30 PM
Scripts and Calligraphy Paths To The Soul Exhibition,Scripts and Calligraphy: Paths to the Soul exhibition explores the beauty and harmony of Arabic Calligraphy,Riyadh,Adults,50 SAR per person,6/11/2023,9/2/2023,7:00 AM to 9:00 PM
Literary Partner,The Literary Partner Program seeks to develop literary partnerships with cafes that promote literary works creatively and make them accessible to the public. By doing so,Riyadh,Above 15,40 SAR per person,6/4/2023,8/14/2024,6:30 AM to 8:30 PM
The Literary Agent,The Literature,Riyadh,Adults,40 SAR per person,6/4/2023,6/15/2024,5:00 AM to 6:00 PM
Industrial Heritage,The Industrial Heritage Competition aims to engage and motivate all segments of society to highlight and discover the industrial heritage landmarks and to document their physical,Riyadh,Above 12,60 SAR per person,7/14/2023,12/31/2023,6:00 AM to 7:00 PM
The Oud House,The Music Commission has launched the “Arabic Oud House” project in Riyadh,Riyadh,Above 12,30 SAR per person,8/22/2023,9/21/2023,5:00 AM to 7:00 PM
Literary creativity competition for Saudi universities,The Literary,Najran,Adults,Free Pass,8/13/2023,9/30/2023,6:00 AM to 8:00 PM
In the night exhibition,In The Night is a contemporary art exhibition that invites us to a sensitive stroll in the dark by drawing a geography of our nights. Through the eyes of around 30 Saudi and international artists,Riyadh,All,60 SAR per person,2/14/2024,5/20/2024,5:30 AM to 7:30 PM
House of Artisans,The Artisans House project in Umluj province is one of the developmental training programs aimed at enabling the youth of Umluj to work and excel in craftsmanship in the heritage sector. The project involves developing and activating the Emirate Palace in Umluj,Umlj,Above 15,70 SAR per person,3/15/2023,3/17/2023,7:00 AM to 9:00 PM
Research studies in children's and young people's literature,The Literature,Riyadh,Adults,120 SAR per person,9/4/2023,4/7/2024,6:30 AM to 8:30 PM
Riyadh International Book Fair,Three annual awards have been designed to fulfill cultural objectives to elevate the status and influence of the Riyadh International Book Fair.,Riyadh,Adults,10 SAR per person,9/28/2023,10/7/2023,5:00 AM to 6:00 PM
Saudi Coffee Festival 2023,The Ministry of Culture is organizing the Saudi Coffee Festival 2023; with the aim of highlighting Saudi coffee as an authentic cultural heritage and enhancing its global and local presence,Riyadh,All,30 SAR per person,9/28/2023,10/1/2023,6:00 AM to 7:00 PM
Intermix Residency | Poush 2023,The project aims to provide opportunities for international participation for artists through partnerships with prominent international entities and supporting a number of artists to join the artistic residency program to enable visual artists to collaborate with international artists. The program was launched at the headquarters of (Poush Art Space) in the French capital,Riyadh,Adults,70 SAR per person,10/9/2023,1/21/2025,5:00 AM to 7:00 PM
Research studies in children's and young people's literature,The Literature,Riyadh,Adults,40 SAR per person,9/4/2023,4/7/2024,6:00 AM to 8:00 PM
Kingdom Photography Award (Second Edition),The Kingdom Photography Award is an annual international photography competition,Al Ahsa,All,Free Pass,12/1/2023,2/1/2024,5:30 AM to 7:30 PM
Imagine Picasso,The project aimed to create an alternate way in which to engage community across all ages with the subject of visual arts and art history through a dynamic and immersive experience dedicated to the work of Pablo Picasso.,Riyadh,Above 12,10 SAR per person,12/1/2023,3/1/2024,7:00 AM to 9:00 PM
Philosophy Conference,The International Philosophy Conference hosts specialists in philosophy,Riyadh,Above 12,40 SAR per person,12/1/2023,12/1/2023,6:30 AM to 8:30 PM
An art exhibition of the works of His Royal Highness Prince Khaled Al-Faisal,The Visual Arts Commission launched an exhibition that highlights the incredible contribution HRH Prince Khaled Al-Faisal has made to the cultural ecosystem of Saudi Arabia through his practice as an artist and through his many other cultural contributions.,Riyadh,Above 15,Free Pass,12/23/2023,3/1/2024,5:00 AM to 6:00 PM
Daw’ Film,Daw’ Film Competition aims to encourage and support the filmmaking sector in the Kingdom,Riyadh,Above 15,50 SAR per person,1/1/2024,12/31/2024,6:00 AM to 7:00 PM
Filmmakers Program,The Film Commission is launching the Filmmakers Program in 2021 in cooperation with several top international film universities and institutes,Riyadh,Above 12,40 SAR per person,1/1/2024,1/1/2025,5:00 AM to 7:00 PM
Saudi Film Confex,Daw’ Film Competition aims to encourage and support the filmmaking sector in the Kingdom,Riyadh,Adults,40 SAR per person,1/1/2024,12/31/2024,6:00 AM to 8:00 PM
VAC Mentorship & Guidance Program,The VAC Mentorship & Guidance Program,Riyadh,All,Free Pass,1/21/2024,2/3/2024,5:30 AM to 7:30 PM
Nabil Fanous Exhibition,Nabil Fanous » exhibition sheds light on the late architect’s rich legacy and his contributions to the Saudi architecture scene.,Riyadh,Above 15,40 SAR per person,1/21/2024,5/6/2024,7:00 AM to 9:00 PM
Zarqa Al Yamama Opera,The festival aims to produce the first world-class Saudi operatic work that draws inspiration from the Kingdom's heritage and history. It also aims to attract leading Arab and global opera artists to enhance local talent and stimulate the performing arts sector to attract and produce theatrical performances for various segments of society. Additionally,Riyadh,Above 12,30 SAR per person,4/25/2024,5/4/2024,6:30 AM to 8:30 PM
Diriyah Contemporary Art Biennale 2024,The second edition of the Diriyah Contemporary Art Biennale,Riyadh,Above 12,10 SAR per person,2/20/2024,5/24/2024,5:00 AM to 6:00 PM
The Kingdom Photography Award,The Kingdom Photography Award is an annual international photography competition,Jeddah,All,10 SAR per person,8/1/2022,8/31/2022,6:00 AM to 7:00 PM
The first hosted exhibition (Perfumes of the East),The Arab World Institute invites you on a journey to discover the fragrances of the East and their history through a tour featuring ancient and contemporary works. Experience unique installations of scents and perfumes specially designed by Christopher Sheldrake.,Riyadh,Above 15,Free Pass,5/21/2024,9/14/2024,5:00 AM to 7:00 PM
Almadinah Book Fair,This event involves organizing,Al Madinah ,Above 15,150 SAR per person,8/29/2024,9/4/2024,6:00 AM to 8:00 PM
Chinese Contemporary Art Exhibition,The exhibition will showcase art pieces from the Donnersberg Collection,Riyadh,Above 12,40 SAR per person,9/26/2024,1/18/2025,5:30 AM to 7:30 PM
Art Should Be Artificial Exhibition,"The ""Art Should Be Artificial: AI Horizons in Visual Arts"" exhibition will be held at Diriyah Art Futures Center in cooperation with the G. and Myriam Owls Foundation. It will explore artificial intelligence and historical and current practices in the field and contemporary media. It will offer a comprehensive overview from the sixties to the present day. The exhibition will feature the work of 31 artists from 13 countries",Riyadh,All,10 SAR per person,9/15/2024,12/13/2024,7:00 AM to 9:00 PM
Media Arts in the Arab World Exhibition,The Exhibition of Media Arts in the Arab World is a qualitative exhibition organized by the Diriyah Art Futures Center and curated by Haytham Nawar and Alaa Younis. The exhibition explores the history of modern media practices in the Arab world,Riyadh,Adults,20 SAR per person,10/1/2024,12/29/2024,6:30 AM to 8:30 PM
Riyadh International Book Fair,The event seeks to disseminate literary content across the community and encourage reading as a daily habit by holding book fairs and the Publishers Conference annually with the participation of multiple local and international publishing houses,Riyadh,All,40 SAR per person,9/26/2024,10/5/2024,5:00 AM to 6:00 PM
Sirha Arabia Exhibition Sponsorship,Sirha Arabia exhibition will be held in the Kingdom for the first time. The Commission will support its hosting and participate with a special pavilion.,Riyadh,All,Free Pass,10/1/2024,10/3/2024,6:00 AM to 7:00 PM
Tariq Abdulhakim Center's Red Sea Nights Festival,The Red Sea Nights Festival at Tariq Abdulhakim Center holds significant importance for several reasons. Firstly,Jeddah,Adults,20 SAR per person,11/28/2024,12/20/2024,5:00 AM to 7:00 PM
Balad Al-Fann,The event aims to develop artistic and cultural initiatives that consider community participation and support the local creative economy. The event includes various art exhibitions,Jeddah,Above 12,50 SAR per person,11/1/2024,11/3/2024,6:00 AM to 8:00 PM
Manuscripts Exhibition and Conference,An international exhibition based in Riyadh to offer a comprehensive cultural glimpse into the world of rare Arabic manuscripts. It showcases the significance of Arabic manuscripts as a message of human civilization,Riyadh,All,30 SAR per person,11/23/2024,11/23/2024,5:30 AM to 7:30 PM
International Festival of Traditional Games,Organizing events that promote and revive traditional games through internal collaboration between ministries and other government entities with the Ministry of Foreign Affairs to activate them on an international level through the Kingdom's embassies in countries that share similar traditional games. These events will be held in several regions of the Kingdom.,Riyadh,Adults,20 SAR per person,12/19/2024,12/19/2024,7:00 AM to 9:00 PM
The National Folklore Competition,The National Folklore Competition is meant to aid the intangible national heritage through encouraging all community members to document the national Folklore treasures in Saudi in the following tracks; Folk Dance,Riyadh,Above 15,10 SAR per person,9/25/2022,1/16/2023,6:30 AM to 8:30 PM
Art Residency,The Art Residency | Al Balad program aims to enrich artistic and cultural exchange,Jeddah,Adults,50 SAR per person,12/20/2021,10/30/2022,5:00 AM to 6:00 PM
The Virtual Training Program ''San'ah'',In line with its belief that talented individuals are the cornerstone of a developed and thriving music sector,Riyadh,Adults,70 SAR per person,3/30/2021,1/31/2022,6:00 AM to 7:00 PM
The Writings of Today Are a Promise for Tomorrow | Chinese Contemporary Art Exhibition,The Writings of Today are a Promise for Tomorrow” is the first exhibition of Chinese contemporary art in Saudi Arabia. Bringing together 31 artists of different generations and cultural backgrounds,Riyadh,Above 15,40 SAR per person,9/27/2024,1/18/2025,5:00 AM to 7:00 PM
Discover the culture & history of Al Ahsa,Embark on an enriching journey through Saudi Arabia's Eastern Province,Al Ahsa,Above 15,70 SAR per person,12/17/2023,12/29/2024,6:00 AM to 8:00 PM
Heritage & Adventure: One day Trip at Al-Ahsa,Embark with us on a fun and exciting tour in the city of Al-Ahsa,Al Ahsa,Adults,50 SAR per person,9/16/2023,12/14/2024,5:30 AM to 7:30 PM
Experience Hospitality and Learn about the Culture and History of Al Ahsa in a Private Home,Al Ahsa is a place brimming with history and culture. Experience the beauty and hospitality of this special place from one of its locals. During this experience Mr. Hesham Al Khateeb will welcome you into his home. You’ll spend time in his Deewaniya and enjoy delicious meals made by his family and unlimited hospitality of dates and Saudi coffee. You’ll talk about his family,Al Ahsa,All,40 SAR per person,3/27/2024,1/28/2025,7:00 AM to 9:00 PM
"Visit a Beautiful Farm in Al Ahsa and Enjoy Photography, Drawing and Plastic Lighting Art",Unleash your creativity in a beautiful setting. During this experience you’ll get to enjoy photography and drawing,Al Ahsa,Above 12,120 SAR per person,3/27/3034,1/28/2025,6:30 AM to 8:30 PM
Animal Lovers Dream: Horseback Safari at Nofa Wildlife Park,Animal lovers rejoice,Riyadh,Above 12,Free Pass,8/29/2024,1/16/2025,5:00 AM to 6:00 PM
Explore Al Baha's natural wonders & history,Explore Al Baha on this tour to enjoy the history,Al baha,Adults,90 SAR per person,4/3/2024,12/4/2024,6:00 AM to 7:00 PM
Unveil the unique wonders of Taif,Start your adventure with a glimpse into Taif's storied past at the Shubra Palace,Taif,Adults,30 SAR per person,4/8/2024,12/9/2024,5:00 AM to 7:00 PM
Caves of Shada Mount,In a time-traveling journey,Al baha,Above 12,30 SAR per person,5/25/2024,1/23/2025,6:00 AM to 8:00 PM
Marca: A love story on a magical island,Marka Island,Aseer,All,50 SAR per person,12/6/2023,12/29/2024,5:30 AM to 7:30 PM
Adrenaline-Pumping Adventure: Crossing the Empty Quarter (Bayda’ Allahy),Crossing the Empty Quarter starts from its northeastern part in the Shabita area near the Shaibah field and extends to the crater in the Umm Al-Hadid area. Umm Al-Hadid,Riyadh,Adults,70 SAR per person,11/21/2023,3/5/2025,7:00 AM to 9:00 PM
Climbing Explorers,A monthly training program designed for both boys and girls aged 10-16 years. The program aims to develop skills and enhance physical fitness in a fun and safe environment.,Jeddah,Above 15,30 SAR per person,8/12/2024,12/9/2024,6:30 AM to 8:30 PM
Fun Climbing,A guided one-day climbing experience designed for both boys and girls aged 10-16 years. This experience aims to teach the basics of climbing,Jeddah,Above 15,10 SAR per person,8/5/2024,12/7/2024,5:00 AM to 6:00 PM
Discover Climbing,A guided one-day climbing experience designed for adults aged 16 and above,Jeddah,Adults,150 SAR per person,8/5/2024,12/2/2024,6:00 AM to 7:00 PM
Al Bahah Clouds Trip: highlights the beauty of the towering Al Bahah Mountains,Al Bahah region is an ideal destination for lovers of picturesque nature,Al baha,Adults,70 SAR per person,5/31/2024,2/16/2025,5:00 AM to 7:00 PM
"Madinah City Tour: Visit The Prophet's Mosque, Ad Dar Mosque, Al Qiblatayn Mosque & More Religious Landmarks",We will start our tour by visiting the Al-Masjid an-Nabawi,Al Madinah,Above 12,10 SAR per person,3/4/2024,12/31/2024,6:00 AM to 8:00 PM
Full Day Riyadh City Tour,We start our tour of Riyadh by visiting the primary custodian of the Saudi national heritage and culture,Riyadh,All,Free Pass,12/2/2023,12/30/2024,5:30 AM to 7:30 PM
One-Day Sightseeing Tour in Jeddah,Explore the vibrant energy of New Jeddah Corniche and immerse yourself in the rich history of Albalad's ancient streets,Jeddah,All,40 SAR per person,3/3/2024,1/12/2025,7:00 AM to 9:00 PM
Unique Moments in Al-Ahsa ,The meaning of the name Al-Ahsa is the sound of groundwater. It is one of the largest oases in the world and the largest oasis in the Kingdom of Saudi Arabia because it contains thirty water springs. It is noted that its water is natural and suitable for irrigation. It extends from the Arabian Gulf to Oman,AlAhsa,Above 12,40 SAR per person,12/5/2024,1/3/2025,6:30 AM to 8:30 PM
2 Days All-Inclusive Package- Enjoy King Abdullah Economic City With Your Loved Ones,Step into a world of luxury,KAEC,Above 12,70 SAR per person,12/12/2023,3/26/2025,5:00 AM to 6:00 PM
5-Day Adventure To The Empty Quarter,Your passion for adventure is filling up your heart and the thirst for adrenaline rush overgrowing day by day!?Have a deep desire to break your life routine? Then time to hit the road with Ghamra to the Rub’ al Khali ( the Empty Quarter). A one of a kind trip in which you unlock a new level of adventure,Riyadh,Adults,40 SAR per person,1/2/2024,12/7/2024,6:00 AM to 7:00 PM
Half Day Riyadh City Tour,We proceed into old Riyadh,Riyadh,Above 12,30 SAR per person,2/8/2024,12/30/2024,5:00 AM to 7:00 PM
Aseer Long Weekend Trip - 3 Days Trip,The heart of the Asir region,Aseer,All,30 SAR per person,11/16/2023,10/29/2024,6:00 AM to 8:00 PM
Crossing the Empty Quarter - Um Alhesh Lake Trip,One of the most thrilling tourist adventures is crossing the Empty Quarter,Riyadh,Above 15,50 SAR per person,11/21/2023,3/6/2025,5:30 AM to 7:30 PM
Khyber Heritage Tour,Get ready for a 8-hour adventure across the ancient oasis of Khaybar and enjoy a closer look at prehistoric Saudi Arabia.,Al Madinah,Above 12,20 SAR per person,7/9/2025,7/9/2025,7:00 AM to 9:00 PM
Journey of the centuries and Raydah reserve,Experience Abha like never before on this amazing three-day,Aseer,Above 12,Free Pass,7/31/2023,1/3/2025,6:30 AM to 8:30 PM
Explore the sacred treasures of Makkah,Embark on a captivating journey around Makkah to get insight into the city's sacred traditions,Makkah,Above 15,Free Pass,5/25/2024,1/4/2025,5:00 AM to 6:00 PM
"Jeddah City Tour with Lunch: Explore Culture, Art and History",Visit Al Tayebat International City A tour through history in the Al Tayebat International City for Science and Knowledge,Jeddah,Adults,60 SAR per person,2/7/2024,2/2/2025,6:00 AM to 7:00 PM
Travel Through Time In Shaqra & Ushaiger,Embark on a fascinating journey into the heart of Saudi Arabia's rich heritage and culture in this remarkable day trip to two of Saudi Arabia's historic towns,Riyadh,Adults,10 SAR per person,1/6/2024,12/28/2024,5:00 AM to 7:00 PM
Explore the Wildlife and Nature in Sharaan Nature Reserve,Set out on a day trip of discovery and wonder in AlUla,Al-Ula,All,20 SAR per person,1/6/2024,12/29/2024,6:00 AM to 8:00 PM
Embark on a hiking adventure in Taif,Lace-up your boots and set out on a refreshing 4-kilometre hike through the captivating Wadi Al Mukhadah,Taif,All,30 SAR per person,4/6/2024,11/30/2024,5:30 AM to 7:30 PM
Beach Horse Riding Experience in Jeddah,Immerse yourself in the culture of Saudi Arabia as you giddy up for a fantastic horse riding experience in Jeddah. Arrive at the meeting point and head inside an equestrian centre to get first-hand knowledge from professional trainers about horses and their different breeds. Learn more about the Arabian horse,Jeddah,Above 12,20 SAR per person,12/31/2023,12/29/2024,7:00 AM to 9:00 PM
Explore Saudi Heritage In Riyadh,Embark on a unique adventure where you will get a chance to explore and visit top attractions in Riyadh that showcase the rich cultural heritage of Saudi Arabia. Start by embarking on a guided tour of the splendid Al Masmak Fortress,Riyadh,Above 15,Free Pass,12/30/2023,12/7/2024,6:30 AM to 8:30 PM
"Historic Jeddah Day Tour: Visit Beit Saloum, Baashen House and Matbouli House and more",Explore Historic Jeddah,Jeddah,Above 15,20 SAR per person,12/28/2023,12/26/2024,5:00 AM to 6:00 PM
Explore the artistic heritage of Abha,Explore the cultural and artistic heritage of Abha as you make your way to Fatima Museum,Aseer,Adults,50 SAR per person,12/30/2023,12/28/2024,6:00 AM to 7:00 PM
Explore Jazan's coffee & traditional treasures,Set out on an unforgettable trip around Jazan to explore its iconic cultural attractions and a unique tour of a coffee farm nestled within the awe-inspiring Fifa mountains covered in sprawling green flora. Feast your eyes on the ethereal landscape surrounding the farm,Jazan,Adults,40 SAR per person,12/30/2023,12/28/2024,5:00 AM to 7:00 PM
Experience Traditional Saudi Hospitality In Riyadh,Experience the magic of the Arabian desert on a day trip from Riyadh to a local desert camp. Get picked up from your hotel or a meeting point in central Riyadh and get transported to the desert,Riyadh,Above 12,20 SAR per person,5/11/2024,1/11/2025,6:00 AM to 8:00 PM
Nofa Adventure Park,Nofa Adventure Park is located at Nofa Resorts in its unique natural beauty setting. Exciting adventures awaits you.,Riyadh,Above 15,90 SAR per person,8/28/2024,1/16/2025,5:30 AM to 7:30 PM
"A Delightful Visit to a Hasawi Home: Folk games, Traditional Cooking, Soothing Music & Much more",Journey to Al Ahsa to experience its rich culture and traditions. Hosted by Sarah Allouqman,Al Ahsa,All,10 SAR per person,3/27/2024,1/28/2025,7:00 AM to 9:00 PM
Experience the Charming Hospitality of Al Ahsa (Women Only),Experience the best of Hasawi hospitality during this amazing experience. Hosted by Jawahr Saleh,Al Ahsa,Above 12,30 SAR per person,3/27/2024,1/28/2025,6:30 AM to 8:30 PM
"Experience Old Hasawi Traditions in a Charming Private Home: Traditional Handicrafts, Folk Games & More",Journey through the past on this authentic experience in Al Ahsa. Hosted by Sarah Allouqman,Al Ahsa,Adults,90 SAR per person,3/27/2024,1/28/2025,5:00 AM to 6:00 PM
"A Breathtaking Visit to a Farm in Al Ahsa: Lemon Picking, Making Lemon Drinks and Connecting with Nature",During this enriching experience you’ll visit a farm in Al Ahsa to learn how to pick and store lemons and make cold and hot drinks from them,Al Ahsa,All,Free Pass,3/27/2024,1/28/2025,6:00 AM to 7:00 PM
"Traditional Saudi Wedding Experience in Al Ahsa: Henna, Poetic Songs, Performances & More",Al Ahsa has many special customs and traditions,Al Ahsa,All,Free Pass,3/27/2024,1/28/2025,5:00 AM to 7:00 PM
Experience the Authenticity of Taif Hospitality in a Private Home,Taif is known for its stunning nature,Taif,Above 12,120 SAR per person,3/27/2024,1/28/2025,6:00 AM to 8:00 PM
Open-Topped Vehicle Safari at Nofa,A Thrilling Adventure,Riyadh,All,30 SAR per person,8/28/2024,1/23/2025,5:30 AM to 7:30 PM
Camel-Back Safari at Nofa,Embark On An Unforgettable Adventure,Riyadh,Above 15,90 SAR per person,8/28/2024,1/16/2025,7:00 AM to 9:00 PM
Tour The Eastern Region's Cultural Jewels,Embark on a cultural journey through the three main vibrant cities in Saudi Arabia's Eastern Region: Dammam,Dammam,Above 15,50 SAR per person,5/1/2024,1/1/2025,6:30 AM to 8:30 PM
Uncover the glorious past of Hail,Begin your exploration with Jabal Umm Sinman,Hail,Above 12,40 SAR per person,4/27/2024,12/28/2024,5:00 AM to 6:00 PM
Set off On A Camping Adventure In Riyadh,Embark on an exhilarating desert adventure,Riyadh,Adults,150 SAR per person,12/8/2023,1/3/2025,6:00 AM to 7:00 PM
Taif Romance Getaway - 3 Days Trip,“A romantic tour of the Kamal Taif Rose Factory,Taif,Above 12,60 SAR per person,12/15/2023,5/11/2025,5:00 AM to 7:00 PM
5 Day Trip - Discover The Best of The Eastern Province,Embark on a captivating journey through the Eastern Province of Saudi Arabia. The adventure starts at the Yellow Lake in Al Ahsa where you'll experience the thrill of sand off-roading,Dammam,All,40 SAR per person,11/2/2023,11/8/2024,6:00 AM to 8:00 PM
Diving Adventure (For Licensed Divers),Diving with fish and enjoying the view of coral reefs is an insatiable passion. The Red Sea offers the most beautiful and pristine waters where you can dive without ever getting tired of it. Travel to the depths of the sea and breathe underwater,Jeddah,Above 15,60 SAR per person,3/7/2024,11/29/2024,5:30 AM to 7:30 PM
Red Sea Diving Adventure,It is said that the Red Sea got its name due to the abundance of colorful coral reefs,Jeddah,Above 15,70 SAR per person,3/8/2024,11/8/2024,7:00 AM to 9:00 PM
Tour in Riyadh: Explore Historical Diriyah And King Abdullah Financial District (KAFD) + Dinner,Embark on an unforgettable journey to Saudi Arabia's rich and storied past before transporting you to its futuristic present. Gather at the meeting point and head to Diriyah,Riyadh,Adults,10 SAR per person,4/25/2024,12/26/2024,6:30 AM to 8:30 PM
Immerse in the historical wonders of Qassim,A day brimming with culture and excitement awaits you! Begin your trip with a visit to the historic Camel Market,Qassim,Above 15,70 SAR per person,4/27/2024,12/28/2024,5:00 AM to 6:00 PM
A Treasure Trove Of Wonders In Najran,Start your day with a visit to the Janabi Market which offers a delightful array of souvenirs to cherish. Head to the Al-Aan Palace which is adorned with intricate white decorations along its edges and exudes cultural significance. Up next is an amazing opportunity to discover the majestic Raum Castle,Najran,Above 15,30 SAR per person,4/20/2024,1/11/2025,6:00 AM to 7:00 PM
An archaeological expedition in AlJouf,Gear up for a day dotted with historical experiences & archaeological explorations. Head to Zaabal Castle,Al-Jouf,Adults,Free Pass,4/21/2024,12/22/2024,5:00 AM to 7:00 PM
A fascinating trip to Farasan Islands,Enjoy a day filled with adventure as you set out from Jazan on an extraordinary trip to the Farasan Islands. Assemble at the meeting point to commence your journey with a scenic transfer and sail aboard a ferry toward the island's captivating allure. On reaching the island,Jazan,All,20 SAR per person,4/22/2024,12/23/2024,6:00 AM to 8:00 PM
Unveil the beauty of Farasan Islands,Rise and shine for a fun-filled day as you embark on an unforgettable journey to the Farasan Islands,Jazan,Adults,70 SAR per person,4/20/2024,12/21/2024,5:30 AM to 7:30 PM
Morning Desert Safari in Jeddah,In about one hour drive from Jeddah city,Jeddah,Above 12,Free Pass,2/21/2024,12/31/2024,7:00 AM to 9:00 PM
"Day Pass - Full day of entertainment, activities, and dining at Nofa",Day pass for 500SR per person credit to use it in enterinment and activities and retaurants icluding entertinment center,Riyadh,Above 15,40 SAR per person,8/21/2024,12/21/2024,6:30 AM to 8:30 PM
Embark on a kayaking adventure in KAEC,Head out on a laid-back kayaking adventure in King Abdullah Economic City (KAEC) from Jeddah and take this time to appreciate the world's largest privately-funded new city. This tour is ideal for families,KAEC,Above 15,10 SAR per person,1/3/2024,12/29/2024,5:00 AM to 6:00 PM
Wadi Lajab Farms and Hiking Adventures,Explore Jazan's splendid scenic beauty as you drive to the mesmerising Wadi Lajab,Jazan,Above 12,50 SAR per person,12/28/2023,12/26/2024,6:00 AM to 7:00 PM
Taif trip,This experience will take you right into the heart of Taif,Taif,All,50 SAR per person,7/31/2023,1/3/2025,5:00 AM to 7:00 PM
3 Days All-Inclusive Abha Trip,Abha beautiful nature,Aseer,Adults,120 SAR per person,9/4/2023,4/28/2025,6:00 AM to 8:00 PM
Edge Of The World With Dinner,An exciting drive to the amazing “Edge of the World”,Riyadh,Adults,60 SAR per person,12/1/2023,2/1/2025,5:30 AM to 7:30 PM
"Hosting In Beit Al-Hara, A House That Tells The Life Of The People Of Medina 100 Years Ago",Mohamed and his family love to welcome you in their home that has hosted several visitors to a place where there is a reception for guests,Al Madinah,Above 15,70 SAR per person,4/19/2024,12/9/2024,7:00 AM to 9:00 PM
Alazm Safari & Adventures,Book Your Unique Adventure with Azm Safari,Aseer,Above 15,70 SAR per person,8/16/2024,10/9/2024,6:30 AM to 8:30 PM
Historical Jeddah Walking Tour,Let us take you on a journey through history and culture in a historical tour of Jeddah. You will visit the most beautiful and oldest archaeological and architectural landmarks in the city,Jeddah,Above 12,10 SAR per person,3/7/2024,10/20/2024,5:00 AM to 6:00 PM
ASEER WEEKEND RETREAT | 3 DAYS HiHomeXMezwalah,Three-day rural retreat: farm-to-table experiences,Aseer,Above 12,150 SAR per person,6/6/2024,8/31/2024,6:00 AM to 7:00 PM
Capital Riyadh Tour,Visit Masmak Palace A fun tour in the oldest popular market in Riyadh,Riyadh,Above 12,50 SAR per person,2/7/2024,1/1/2025,5:00 AM to 7:00 PM
Explore the beauty of nature in Al-Habala Village,Get ready and head to the village of Al-Habala Heading to the village of Al-Habla in a private,Aseer,All,Free Pass,2/7/2024,1/18/2025,6:00 AM to 8:00 PM
Discover Tabuk & Neom- 3 Days Trip,A tour to explore the various landmarks of Tabuk from mountains,Tabuk,All,30 SAR per person,11/16/2023,9/5/2024,5:30 AM to 7:30 PM
Talabak Jahez Play,People’s love for food is diverse,Jeddah,Above 15,30 SAR per person,10/31/2024,11/2/2024,7:00 AM to 9:00 PM
Talbeen Alqorb,A young man from a working class defies the refusal of his rich lover's father and confronts him with a fait accompli by bringing the notary public,Riyadh,All,50 SAR per person,10/22/2024,11/2/2024,6:30 AM to 8:30 PM
My heart and its ghosts,While filming a horror movie inside an abandoned mansion,Riyadh,Above 12,70 SAR per person,10/29/2024,11/2/2024,5:00 AM to 6:00 PM
One Mic Comedy Shows,"Get ready for an epic comedy weekend! Join us for ""Broken Phone"" on Thursday and the unforgettable ""One Mic Special"" on Friday. Saudi Arabia's top comedians bring you stand-up",Riyadh,Above 15,20 SAR per person,10/24/2024,10/25/2024,6:00 AM to 7:00 PM
Mina Nader in Riyadh - Stand Up Comedy Show at Comedy Pod,A stand up comedy show presented by the amazing Egyptian comic Mina Nader at Comedy Pod in Riyadh Language: ??????? | Arabic,Riyadh,Adults,70 SAR per person,10/26/2024,10/26/2024,5:00 AM to 7:00 PM
Very Sary Night - Stand Up Comedy Show This Saturday at Comedy Pod,A stand-up comedy show with a twist... Hosted by the amazing star,Riyadh,Adults,150 SAR per person,10/12/2024,10/12/2024,6:00 AM to 8:00 PM
Shojaa Show | Musical Show - Huwayer's Rescue,"Immerse yourself in the enchanting world of the ""Shojaa Musical Show",Jeddah,Adults,30 SAR per person,10/24/2024,10/26/2024,5:30 AM to 7:30 PM
Battle Kart: Karting Experience,BATTLEKART Karting Experience in Riyadh offers the world's first real-life video game-based karting. Engage in a thrilling race track war,Riyadh,Adults,60 SAR per person,1/26/2024,1/1/2025,7:00 AM to 9:00 PM
Big Fun Museum,An awesome journey awaits you through new worlds in the “Museum of Illusions”,Riyadh,Above 15,30 SAR per person,1/9/2024,1/29/2025,6:30 AM to 8:30 PM
Al Hilal vs Al Taawoun - Roshn Saudi League Match Round 8,Al-Hilal vs Al-Taawoun - Roshn Saudi League Experience the thrill of live football as Al-Hilal goes head-to-head against Al-Taawoun of the Roshn Saudi League,Riyadh,Above 12,Free Pass,10/26/2024,10/26/2024,5:00 AM to 6:00 PM
WWE Crown Jewel,WWE Presents Crown Jewel at Mohammed Abdo Arena,Riyadh,Above 15,70 SAR per person,11/2/2024,11/2/2024,6:00 AM to 7:00 PM
Saudi Arabia vs Tajikistan – U-20 Women’s National Team,An exciting clash in the women's football match as the Saudi Arabia U-20 women’s national team takes on Tajikistan in an international friendly match. The match will take place in Dubai Police Club Stadium in King Abdullah Sports City Reserve Field - Jeddah Join us to support the saudi women’s team and witness an impressive display of talent,Jeddah,Above 15,20 SAR per person,10/25/2024,10/25/2024,5:00 AM to 7:00 PM
Al Ettifaq vs Al Qadsiah- Roshn Saudi League Round 9,Book your seat for the Al Ettifaq vs Al Qadsiah Roshn Saudi League Round 9 on webook.com. Secure your tickets now for an unforgettable match day experience!,Dammam ,Above 15,40 SAR per person,11/2/2024,11/2/2024,6:00 AM to 8:00 PM
Latino Night - Energetic Vibes & Unforgettable Beats,A thrilling Latino night with energetic vibes and vibrant beats,Riyadh,All,120 SAR per person,11/16/2024,11/16/2024,5:30 AM to 7:30 PM
Improv Comedy Show - Comedy Pod,Experience the thrill of Improv Night,Riyadh,Above 12,Free Pass,6/1/2024,6/1/2024,7:00 AM to 9:00 PM
Stand Up Comedy Show This Weekend - Comedy Pod,A legendary stand-up show featuring local and Arab comedy stars at Comedy Pod,Riyadh,Adults,20 SAR per person,6/1/2024,6/1/2024,6:30 AM to 8:30 PM
New Jokes Comedy Show Saturday - Comedy Pod,A two-hour stand-up show showcasing new comedians and fresh jokes,Riyadh,Above 15,30 SAR per person,6/1/2024,6/1/2024,5:00 AM to 6:00 PM
WWE Experience,Welcome to the WWE Experience! Enjoy an immersive wrestling event.,Riyadh,Above 12,Free Pass,2/16/2024,2/17/2024,6:00 AM to 7:00 PM
"Bluey ""Dream land""",Embark on endless adventures with Bluey and Bingo in the amazing world of dreams,Riyadh,All,60 SAR per person,10/13/2024,10/14/2024,5:00 AM to 7:00 PM
PUBG MOBILE,Experience PUBG like never before with exciting laser battles. Compete to be the last survivor in an unforgettable battle.,Riyadh,Above 12,40 SAR per person,10/13/2024,10/14/2024,6:00 AM to 8:00 PM
Detective Conan,Be the detective,Riyadh,Above 15,20 SAR per person,10/13/2024,10/14/2024,5:30 AM to 7:30 PM
BLVD Dolphinarium,Enjoy new shows,Riyadh,Above 15,50 SAR per person,10/13/2024,10/14/2024,7:00 AM to 9:00 PM
Swimming with Dolphins,Create wonderful memories with the experience of swimming with dolphins.,Riyadh,Above 12,Free Pass,10/13/2024,10/14/2024,6:30 AM to 8:30 PM
Five Nights At Freddy’s “Security Breach”,Face new levels of horror and challenges in the latest version of Five Nights at Freddy's. Will you survive and escape the mall safely?,Riyadh,Adults,20 SAR per person,10/13/2024,10/14/2024,5:00 AM to 6:00 PM
Oasis,Enjoy a unique beach experience with waves of plastic balls and various fun activities.,Riyadh,Above 15,40 SAR per person,10/13/2024,10/14/2024,6:00 AM to 7:00 PM
Mystery of the Nile,Embark on a journey inside ancient Egyptian tombs and face the wrath of the Nile.,Riyadh,Above 12,90 SAR per person,10/13/2024,10/14/2024,5:00 AM to 7:00 PM
Doll's Trip,Explore an island filled with mysterious floating dolls and experience an unforgettable horror adventure.,Riyadh,Above 15,50 SAR per person,10/13/2024,10/14/2024,6:00 AM to 8:00 PM
The Vampire Hotel,Visit an Italian-style hotel filled with survival challenges and scary surprises. Can you escape safely?,Riyadh,Above 12,50 SAR per person,10/13/2024,10/14/2024,5:30 AM to 7:30 PM
Secret of Scarab “Escape Room”,Solve puzzles,Riyadh,Above 12,30 SAR per person,10/16/2024,10/17/2024,7:00 AM to 9:00 PM
BLVD Forest,Experience rare exotic animals and interactive wildlife encounters in a new African-inspired setting.,Riyadh,All,50 SAR per person,10/13/2024,10/14/2024,6:30 AM to 8:30 PM
Pyramid Trail,Face challenges and solve puzzles inside an ancient pyramid to emerge victorious.,Riyadh,Adults,150 SAR per person,10/13/2024,10/14/2024,5:00 AM to 6:00 PM
Top Shot,Enjoy a tactical airsoft and combat experience designed for thrill-seekers and military enthusiasts.,Riyadh,Above 15,Free Pass,10/13/2024,10/14/2024,6:00 AM to 7:00 PM
A Lot Like Life,Enter a city turned into a nightmare by an epidemic,Riyadh,Above 12,50 SAR per person,10/24/2024,10/25/2024,5:00 AM to 7:00 PM
PFL Championships,Witness the PFL Championships with showdowns in multiple divisions and a $1 million prize for each winner. Featuring Saudi MMA star Hattan Al Saif.,Riyadh,Above 12,70 SAR per person,11/29/2024,11/29/2024,6:00 AM to 8:00 PM
,,,,,,,
